CODE,TITLE,RUNTIME,LEVEL,TIER,Extra File #1,Extra File #2,NOTES,PLAYED BY,EPIC,G.AD.,EBER,RMH,(IS 2 HR),(IS 4 HR),Have File
CCC-3MAGS-01,Vormestrand's Scroll,7,1-4,T1,Full download,,,,,,,,FALSE,FALSE,Loading...
CCC-AETHER01-01,The Heir of Orcus: Verse I,2-4,1-4,T1,,,,,,,,,FALSE,TRUE,Loading...
CCC-AETHER01-02,The Heir of Orcus: Verse II,4,1-4,T1,,,,,,,,,FALSE,TRUE,Loading...
CCC-ALMOG-01,TALES01-01 What Lies Beneath,4,1-4,T1,,,,,,,,,FALSE,TRUE,Loading...
CCC-ALMOG-03,TALES03-01 - Claws of Fury,4,11-16,T3,,,,,,,,,FALSE,TRUE,Loading...
CCC-AMER-01,Asleep and Awake,4,1-4,T1,Eyes of Charming,,,,,,,,FALSE,TRUE,Loading...
CCC-AN-01,Secrets of Golden Fire,4,1-4,T1,,,,,,,,,FALSE,TRUE,Loading...
CCC-AN-02,The Wrathful Deity of Khurovogo,2,1-4,T1,,,,,,,,,TRUE,FALSE,#ERROR!
CCC-AN-03,Winter Wonderland,4,5-10,T2,,,,,,,,,FALSE,TRUE,Loading...
CCC-ANIME-1-1,Legend of the Sword Bandit,2,1-4,T1,,,,,,,,,TRUE,FALSE,Loading...
CCC-ANIME-1-2,"Let's Find the Sword, Go!",2,5-10,T2,,,,,,,,,TRUE,FALSE,Loading...
CCC-ANIME-1-3,"Star Sword, Return",2,5-10,T2,,,,,,,,,TRUE,FALSE,Loading...
CCC-APL-01-01,It's Not Easy Being Gene,4,1-4,T1,Broken Duergar Drill Bit (+1 Lance),Digital Map Pack,,,,,,,FALSE,TRUE,Loading...
CCC-BLD 1-0,Bleeding Gate: Supplementals,n/a,n/a,n/a,,,,,,,,,FALSE,FALSE,Loading...
CCC-BLD-0103,Bleeding Gate: Lineage,2,5-10,T2,Stone of Controling Earth Elementals,,,,,,,,TRUE,FALSE,Loading...
CCC-BLD-11,Bleeding Gate: Pandemonium,2,1-4,T1,Periapt of Wound Closure,,,,,,,,TRUE,FALSE,Loading...
CCC-BLD-12,Bleeding Gate: Amalgamation,2,1-4,T1,Winged Boots,,,,,,,,TRUE,FALSE,Loading...
CCC-BMG MOON 1-1,Moonshae Treasure Hunt,2-4,1-4,T1,,,,,,,,,FALSE,TRUE,Loading...
CCC-BMG-01,CORE1-1 A Scream in the Night,4,1-4,T1,none,,,,,,,,FALSE,TRUE,Loading...
CCC-BMG-02,CORE1-2 A Cog in the Wheel,4,1-4,T1,,,,,,,,,FALSE,TRUE,Loading...
CCC-BMG-03,CORE1-3 A Hole in the World,4,1-4,T1,,,,,,,,,FALSE,TRUE,Loading...
CCC-BMG-04,CORE2-1 Tales of Good & Evil,4,1-4,T1,,,,,,,,,FALSE,TRUE,Loading...
CCC-BMG-05,CORE2-2 Songs of Law & Chaos,4,1-4,T1,,,,,,,,,FALSE,TRUE,Loading...
CCC-BMG-06,CORE2-3 Edicts of Neutrality,4,1-4,T1,,,,,,,,,FALSE,TRUE,Loading...
CCC-BMG-07,HULB1-1 Hulburg Rebuilding,4,5-10,T2,,,,,,,,,FALSE,TRUE,Loading...
CCC-BMG-08,HULB1-2 Hulburg Burning,4,5-10,T2,,,,,,,,,FALSE,TRUE,Loading...
CCC-BMG-09,HULB1-3 Hulburg Rising,4,5-10,T2,,,,,,,,,FALSE,TRUE,#ERROR!
CCC-BMG-10,HILL1-1 Arrival,4,5-10,T2,,,,,,,,,FALSE,TRUE,Loading...
CCC-BMG-11,HILL1-2 Exodus,4,5-10,T2,,,,,,,,,FALSE,TRUE,#ERROR!
CCC-BMG-12,HILL1-3 Resurgence,4,5-10,T2,,,,,,,,,FALSE,TRUE,Loading...
CCC-BMG-13,PHLAN1-1 Sepulture,4,11-16,T3,,,,,,,,,FALSE,TRUE,Loading...
CCC-BMG-14,PHLAN1-2 Enemy of my Enemy,4,11-16,T3,,,,,,,,,FALSE,TRUE,Loading...
CCC-BMG-15,PHLAN1-3 Subterfuge,4,11-16,T3,,,,,,,,,FALSE,TRUE,Loading...
CCC-BMG-16,ELM1-1 The Sage of Cormanthor,4,5-10,T2,Figurine of Wonderous Power - Ivory Goats,,,,,,,,FALSE,TRUE,#ERROR!
CCC-BMG-17,ELM1-2 The Lost Sanctum,4,5-10,T2,,,,,,,,,FALSE,TRUE,Loading...
CCC-BMG-18,ELM1-3 The Battle of Elmwood,4,5-10,T2,,,,,,,,,FALSE,TRUE,Loading...
CCC-BMG-19,HULB 2-1: Winters Frosty Kiss,4,5-10,T2,Boots of the Winterlands,,,,,,,,FALSE,TRUE,Loading...
CCC-BMG-20,HULB 2-2: Winters Frigid Wrath,4,5-10,T2,Flame Tongue,,,,,,,,FALSE,TRUE,Loading...
CCC-BMG-21,HULB 2-3: Winters Sharp Bite,4,5-10,T2,Studded Leather +1,,,,,,,,FALSE,TRUE,Loading...
CCC-BMG-22,PHLAN2-1 Demagogue,4,11-16,T3,Tyr's Blessing of the Mind,,,,,,,,FALSE,TRUE,Loading...
CCC-BMG-23,PHLAN2-2: Hatemaster,4,11-16,T3,Tyr's Blessing of Command,,,,,,,,FALSE,TRUE,Loading...
CCC-BMG-24,PHLAN2-3 The Royal We,4,11-16,T3,Tyr's Blessing of Luck,,,,,,,,FALSE,TRUE,Loading...
CCC-BMG-25,CORE3-1: The Spectral Incursion,4,1-4,T1,,,,,,,,,FALSE,TRUE,Loading...
CCC-BMG-26,CORE3-2: The Ghostly Infestation,4,1-4,T1,,,,,,,,,FALSE,TRUE,Loading...
CCC-BMG-27,CORE3-3: The Spirited Investigation,4,1-4,T1,,,,,,,,,FALSE,TRUE,Loading...
CCC-BMG-28,HILL2-1: The Red Gathering,4,5-10,T2,,,,,,,,,FALSE,TRUE,Loading...
CCC-BMG-29,HILL2-2: The Red Herring,4,5-10,T2,Cube of Force (No Cert),,,,,,,,FALSE,TRUE,Loading...
CCC-BMG-30,HILL2-3: The Red Death,4,5-10,T2,,,,,,,,,FALSE,TRUE,#ERROR!
CCC-BMG-31,PHLAN 3-1 - The Conventicle of Chaos,4,1-4,T1,Ioun Stone of Protection,,,,,,,,FALSE,TRUE,Loading...
CCC-BMG-32,PHLAN 3-2 - The First Rule,4,1-4,T1,Lantern of Revealing,,,,,,,,FALSE,TRUE,Loading...
CCC-BMG-33,PHLAN 3-3 - Spinning on the Edge,4,1-4,T1,Bone-Pommeled Glaive,,,,,,,,FALSE,TRUE,Loading...
CCC-BMG-34,ELM2-1 Tendrils in the Fog,4,5-10,T2,,,,,,,,,FALSE,TRUE,Loading...
CCC-BMG-35,ELM2-2 Mists of the Moonsea,4,5-10,T2,,,,,,,,,FALSE,TRUE,Loading...
CCC-BMG-36,ELM2-3 Vestiges of Darkness,4,5-10,T2,,,,,,,,,FALSE,TRUE,Loading...
CCC-BMG-37,Weakness of Rock,4,11-16,T3,,,,,,,,,FALSE,TRUE,Loading...
CCC-BMG-38,Dead Canaries,4,11-16,T3,,,,,,,,,FALSE,TRUE,Loading...
CCC-BMG-39,Darkest Vein,4,11-16,T3,,,,,,,,,FALSE,TRUE,#ERROR!
CCC-BMG-40,HULB 4-1 Whispers from the Deep,4,11-16,T3,,,,,,,,,FALSE,TRUE,Loading...
CCC-BMG-41,HULB 4-2 Voices from the Deep,4,11-16,T3,,,,,,,,,FALSE,TRUE,#ERROR!
CCC-BMG-42,HULB 4-3 Call of the Deep,4,11-16,T3,,,,,,,,,FALSE,TRUE,Loading...
CCC-BMG-43,PHLAN 4-1 Ghoulies and Ghosties,4,5-10,T2,,,,,,,,,FALSE,TRUE,Loading...
CCC-BMG-44,PHLAN 4-2 Long Leggity Beasties,4,5-10,T2,,,,,,,,,FALSE,TRUE,Loading...
CCC-BMG-45,PHLAN 4-3 Things That Go Bump in the Night,4,5-10,T2,,,,,,,,,FALSE,TRUE,Loading...
CCC-BMG-46,HILL 3-1 Shepherd the Weak,4,5-10,T2,,,,,,,,,FALSE,TRUE,Loading...
CCC-BMG-47,HILL 3-2 Suffer the Children,4,5-10,T2,,,,,,,,,FALSE,TRUE,Loading...
CCC-BMG-48,HILL 3-3 Spare the Rod,4,5-10,T2,,,,,,,,,FALSE,TRUE,Loading...
CCC-BMG-HILL1S,HILL 1-S Onslaught,4,5-10,T2,,,,,TRUE,,,,FALSE,TRUE,Loading...
CCC-BMG-HILL2S,HILL2-S Hillsfar Runs Red,4,5-10,T2,Heartstone & Lantern of Revealing (No Certs),,,,TRUE,,,,FALSE,TRUE,Loading...
CCC-BMG-HULB1S,HULB1-S Extinction,4,5-10,T2,,,,,TRUE,,,,FALSE,TRUE,Loading...
CCC-BMG-HULB2S,HULB2-S Winter's Feast,4,5-10,T2,,,,,TRUE,,,,FALSE,TRUE,Loading...
CCC-BMG-MOON,Moonshae Isles Regional Guide,n/a,n/a,n/a,,,,,,,,,FALSE,FALSE,Loading...
CCC-BMG-MOON2-1,Defenders of Caer Moray,2-4,1-4,T1,,,,,,,,,FALSE,TRUE,Loading...
CCC-BMG-MOON2-2,Army of the Unseen,2-4,1-4,T1,,,,,,,,,FALSE,TRUE,Loading...
CCC-BMG-MOON2-3,The Eye in the Mist,2-4,1-4,T1,,,,,,,,,FALSE,TRUE,Loading...
CCC-BMG-PHLAN1S,PHLAN1-S Uprising,4,11-16,T3,,,,,TRUE,,,,FALSE,TRUE,Loading...
CCC-BMG-PHLAN2S,PHLAN2-S Damnation,4,11-16,T3,,,,,TRUE,,,,FALSE,TRUE,Loading...
CCC-BWM-001,Howling on the Moonsea,4,5-10,T2,,,,,,,,,FALSE,TRUE,Loading...
CCC-BWM-002,The City in the Depths,4,5-10,T2,,,,,,,,,FALSE,TRUE,Loading...
CCC-BWM-003,A Tale of Two Towers,4,11-16,T3,,,,,,,,,FALSE,TRUE,Loading...
CCC-BWM-06,Introduction to Adventuring,1,1-4,T1,,,,,,,,,TRUE,TRUE,Loading...
CCC-CIC-01,The Vault of the Devourer,4,1-4,T1,Boots of the Winterlands,,,,,,,,FALSE,TRUE,Loading...
CCC-CIC-02,The Clockwork Laboratory,4,5-10,T2,Figurine of Wondrous Power (Onyx Dog),,,,,,,,FALSE,TRUE,Loading...
CCC-CIC-03,The Desolate Undercroft,4,5-10,T2,Mace of Disruption,,,,,,,,FALSE,TRUE,Loading...
CCC-CIC-04,Best Friends Forever,4,5-10,T2,Sending Stones,,,,,,,,FALSE,TRUE,Loading...
CCC-CIC-05,Donum Vitae,4,5-10,T2,Wand of Wonder,,,,,,,,FALSE,TRUE,Loading...
CCC-CIC-06,End of the Line,4,1-4,T1,(paper cert) +1 Short Sword,,,,,,,,FALSE,TRUE,Loading...
CCC-CIC-07,Pieces of You,4,5-10,T2,Portable Hole,,,,,,,,FALSE,TRUE,Loading...
CCC-CIC-08,The Last Voyage of the Woolgathering Tidsoptimist,4,1-4,T1,Gauntlets of Ogre Power,,,,,,,,FALSE,TRUE,Loading...
CCC-CIC-09,Steamy Shores of Danger,2-4,1-4,T1,Geyser Figurine (Decanter of Endless Water),,,,,,,,FALSE,TRUE,Loading...
CCC-CIC-10,Terror at Soward Manor,4,5-10,T2,,,,,,,,,FALSE,TRUE,Loading...
CCC-CIC-11,Death at Peril Island,4,5-10,T2,,,,,,,,,FALSE,TRUE,Loading...
CCC-CIC-12,Redemption at Talos Sound,4,5-10,T2,,,,,,,,,FALSE,TRUE,Loading...
CCC-CNE-01,The Treasure Beneath,4,5-10,T2,,,,,,,,,FALSE,TRUE,Loading...
CCC-CNE-02,Before The Hatch,4,5-10,T2,,,,,,,,,FALSE,TRUE,Loading...
CCC-CNE-03,Into The Depths,4,5-10,T2,,,,,,,,,FALSE,TRUE,Loading...
CCC-COTN-01-01,By The Seashore: A Red War Tale,2,1-4,T1,,,,,,,,,TRUE,FALSE,#ERROR!
CCC-DDSC-01,Murder at the Stop,4,1-4,T1,pearl of power (need cert),,,,,,,,FALSE,TRUE,Loading...
CCC-DDSC-02,A Fool and His Gold,4,1-4,T1,ring of jumping (need cert),,,,,,,,FALSE,TRUE,Loading...
CCC-DES01-01,Finding the Rabbit Hole,4,5-10,T2,Figurines of Wonderous Power (Ivory Goats),,,,,,,,FALSE,TRUE,Loading...
CCC-DES01-02,A Sanity Never Questioned,4,5-10,T2,,,,,,,,,FALSE,TRUE,Loading...
CCC-DES01-04,An Answer Never Offered,2,5-10,T2,,,,,,,,,TRUE,FALSE,Loading...
CCC-DRUID-01,The Scourge Unseen,4,5-10,T2,,,,,,,,,FALSE,TRUE,Loading...
CCC-ELF-01,Life's A Party,4,1-4,T1,,,,,,,,,FALSE,TRUE,Loading...
CCC-ELF-02,An Adventuring Party Walks Into A Bar,4,1-4,T1,,,,,,,,,FALSE,TRUE,#ERROR!
CCC-ELO-01,For the Kids!,4,1-4,T1,,,,,,,,,FALSE,TRUE,Loading...
CCC-ELO-02,The Four Kids,2-4,1-4,T1,,,,,,,,,FALSE,TRUE,Loading...
CCC-FC3-01-02,Tales of Estirwald: Corruption of the Elderoak,4,5-10,T2,,,,,,,,,FALSE,TRUE,#ERROR!
CCC-FC3-01-03,Tales of Estirwald: The Fun House,4,11-16,T3,,,,,,,,,FALSE,TRUE,Loading...
CCC-FXC-01,Nothing Happens in Elmwood,2,1-4,T1,,,,,,,,,TRUE,FALSE,Loading...
CCC-GAD01-01,Broken Blade,2-4,5-10,T2,Fantasy Grounds MOD,,,,,,,,FALSE,TRUE,Loading...
CCC-GAD01-02,Red War: Black Phoenix,2-4,5-10,T2,Digital Map Pack,Fantasy Grounds MOD,,,,,,,FALSE,TRUE,Loading...
CCC-GAD01-03,Caught in Time,4-6,11-16,T3,,,,,,,,,FALSE,TRUE,Loading...
CCC-GARY-01,A Night to Remember,2,5-10,T2,Right Hand of Sybil,,,,,,,,TRUE,FALSE,Loading...
CCC-GARY-02,To Find a Way Out,2,5-10,T2,Left Hand of Sybil,,,,,,,,TRUE,FALSE,Loading...
CCC-GARY-03,"Oh, We're In It, Now",2,5-10,T2,Map and Illustration Pack,,,,,,,,TRUE,FALSE,Loading...
CCC-GARY-04,The Darkness of the Mountains,2,1-4,T1,Furball,,,,,,,,TRUE,FALSE,Loading...
CCC-GARY-05,The Shadows of the Trees,2,1-4,T1,Bag of Holding,,,,,,,,TRUE,FALSE,Loading...
CCC-GARY-06,The Death Beneath the Roots,2,1-4,T1,Quaal's Feather Token-Tree,,,,,,,,TRUE,FALSE,Loading...
CCC-GARY-07,The Mirror of Gulthias,2,5-10,T2,Piwafwi (Cloak of Elven Kind),,,,,,,,TRUE,FALSE,Loading...
CCC-GARY-08,That Wich Lies Buried,2,5-10,T2,Sword of Vengeance,,,,,,,,TRUE,FALSE,Loading...
CCC-GARY-09,The Witch Maiden,2,5-10,T2,Staff of the Woodlands,,,,,,,,TRUE,FALSE,#ERROR!
CCC-GEL-01,Bedlam at the Benefit,2,1-4,T1,,,,,,,,,TRUE,FALSE,Loading...
CCC-GHC-01,Tharaera Lost,2,5-10,T2,,,,,,,,,TRUE,FALSE,Loading...
CCC-GHC-02,Skulljaw Hill,2,5-10,T2,,,,,,,,,TRUE,FALSE,Loading...
CCC-GHC-03,Facing the Dark,2,5-10,T2,,,,,,,,,TRUE,FALSE,Loading...
CCC-GHC-04,Shade of the Dark,2,5-10,T2,,,,,,,,,TRUE,FALSE,Loading...
CCC-GHC-05,Trail of Treachery,2,5-10,T2,,,,,,,,,TRUE,FALSE,Loading...
CCC-GHC-06,What You Wish For,2,5-10,T2,,,,,,,,,TRUE,FALSE,#ERROR!
CCC-GHC-07,The River Runs Red,2,11-16,T3,,,,,,,,,TRUE,FALSE,Loading...
CCC-GHC-08,Death in the Ruins,2,11-16,T3,Tyr's Justice (No Cert?),,,,,,,,TRUE,FALSE,#ERROR!
CCC-GHC-09,Swamp of Death,2,11-16,T3,Giants Bane (No Cert?),,,,,,,,TRUE,FALSE,Loading...
CCC-GHC-BORDER,Border Kingdoms Region Guide,n/a,n/a,n/a,Fiction (Umbrous Unpleasantness at Undreth’s Unicorn - A Border Kingdom’s Tale),Border Kingdoms,,,,,,,FALSE,FALSE,Loading...
CCC-GHCBK1-01,Into the Border Kingdoms,2,1-4,T1,,,,,,,,,TRUE,FALSE,Loading...
CCC-GHCBK1-02,The Tithes That Bind,4,5-10,T2,,,,,,,,,FALSE,TRUE,Loading...
CCC-GHCBK1-03,The Darkest Knight,4,5-10,T2,,,,,,,,,FALSE,TRUE,Loading...
CCC-GHCBK1-04,I am the Fire,4,5-10,T2,,,,,,,,,FALSE,TRUE,Loading...
CCC-GHCBK1-05,For the Glory of Bloutar!,4,5-10,T2,,,,,,,,,FALSE,TRUE,Loading...
CCC-GHCBK1-06,Legacy and Virtue,2-4,1-4,T1,,,,,,,,,FALSE,TRUE,Loading...
CCC-GHCBK1-07,The Peculiar Case of the Selptan Felines,2-4,1-4,T1,,,,,,,,,FALSE,TRUE,Loading...
CCC-GHCBK1-08,The Hunt for Cutter Jack,2,1-4,T1,,,,,,,,,TRUE,FALSE,Loading...
CCC-GHCBK1-09,Scavengers,2-4,1-4,T1,,,,,,,,,FALSE,TRUE,Loading...
CCC-GHCBK1-10,The Heart of Shadow,4,11-16,T3,,,,,,,,,FALSE,TRUE,Loading...
CCC-GLIP-0101,Glip-Dak,2,1-4,T1,Arrak's Greatsword,,,,,,,,TRUE,FALSE,Loading...
CCC-GLIP-0102,Beneath Glip-Dak,2,1-4,T1,Bag of Holding,,,,,,,,TRUE,FALSE,Loading...
CCC-GLIP-0103,Citadel of Vlaakith,4,1-4,T1,,,,,,,,,FALSE,TRUE,Loading...
CCC-GLIP-0201,Blue Scales,2,5-10,T2,,,,,,,,,TRUE,FALSE,Loading...
CCC-GOC-0101,Tree Rot,2,1-4,T1,,,,,,,,,TRUE,FALSE,Loading...
CCC-GOC-0102,Cairns of Rot,2,5-10,T2,,,,,,,,,TRUE,FALSE,Loading...
CCC-GOC-0103,Winds of Rot,4,5-10,T2,,,,,,,,,FALSE,TRUE,Loading...
CCC-GSP-0101,A Dragon's Breath,4,1-4,T1,,,,,,,,,FALSE,TRUE,Loading...
CCC-HAL-01,Fate of the Nightworms,4,1-4,T1,Faint (Driftglobe),,,,,,,,FALSE,TRUE,Loading...
CCC-HAL-02,Six Striking Swords,4,5-10,T2,,,,,,,,,FALSE,TRUE,Loading...
CCC-HAL-03,Six Swords Unbound,4,5-10,T2,,,,,,,,,FALSE,TRUE,Loading...
CCC-HATMS01-01,"Threatening Tides (Song of Maos, Part 1)",4,5-10,T2,Quiver of Ehlonna,,,,,,,,FALSE,TRUE,Loading...
CCC-HATMS01-02,"Prophecy's Promise (Isle of Maos, Part 2)",4,5-10,T2,Sword of Vengeance (Longsword),,,,,,,,FALSE,TRUE,Loading...
CCC-HATMS01-03,"Destiny Defied (Isle of Maos, Part 3)",4,5-10,T2,Ioun Stone of Protection,,,,,,,,FALSE,TRUE,Loading...
CCC-HATMS02-01,Illithid Activities,4,5-10,T2,,,,,,,,,FALSE,TRUE,Loading...
CCC-HATMS02-02,Something Vile This Way Comes,4,11-16,T3,,,,,,,,,FALSE,TRUE,Loading...
CCC-HATMS02-03,A Vile Wake,4,11-16,T3,,,,,,,,,FALSE,TRUE,Loading...
CCC-IFK-01,Shadow of Greed,2,5-10,T2,,,,,,,,,TRUE,FALSE,Loading...
CCC-IFK-02,Shadow of the Weave,4,5-10,T2,,,,,,,,,FALSE,TRUE,Loading...
CCC-IFK-03,Shadow of the Dusk Queen,4,5-10,T2,,,,,,,,,FALSE,TRUE,Loading...
CCC-JGD-01,Left Black & Blue,2-4,11-16,T3,,,,,,,,,FALSE,TRUE,Loading...
CCC-JGD-02,Tortle Crossing,2-4,1-4,T1,,,,,,,,,FALSE,TRUE,Loading...
CCC-JGD-03,Tortle Tribulations,2-4,5-10,T2,,,,,,,,,FALSE,TRUE,Loading...
CCC-JGD-04,Gods of the Earth,2-4,5-10,T2,,,,,,,,,FALSE,TRUE,#ERROR!
CCC-KUMORI-0101,Wreckers,2,1-4,T1,Gem of Brightness,,,,,,,,TRUE,FALSE,Loading...
CCC-KUMORI-0102,Wretches,2,1-4,T1,Robe of Useful Items,,,,,,,,TRUE,FALSE,Loading...
CCC-KUMORI-0204,To Be the Very Best,2,1-4,T1,Wild Monster Capture Cards (Deck of Illusions),Cards,,,,,,,TRUE,FALSE,Loading...
CCC-LINKS-01,Champion of the People,4,5-10,T2,"""Fat"" Markoth's Cummerbund",,,,,,,,FALSE,TRUE,Loading...
CCC-LINKS-02,The Secrets We Keep,4,11-16,T3,Raptor,,,,,,,,FALSE,TRUE,Loading...
CCC-MACE-01,The Blight of Geoffrey,4,1-4,T1,Pipes of Haunting,,,,,,,,FALSE,TRUE,Loading...
CCC-MACE-02,A Panther's Peril,4,1-4,T1,,,,,,,,,FALSE,TRUE,Loading...
CCC-MACE-03,Haunted Memories,4,1-4,T1,,,,,,,,,FALSE,TRUE,Loading...
CCC-MCX-01,All in a Day's Work,2,1-4,T1,,,,,,,,,TRUE,FALSE,Loading...
CCC-MCX01-02,The Rescue,2,1-4,T1,,,,,,,,,TRUE,FALSE,Loading...
CCC-MIND-01,Lost in Thought v1.0,4,11-16,T3,,,,,,,,,FALSE,TRUE,#ERROR!
CCC-MIND-02,Mind Trip v1.00,4,11-16,T3,,,,,,,,,FALSE,TRUE,Loading...
CCC-MIND-03,Dream Walkers v1.0,4,11-16,T3,,,,,,,,,FALSE,TRUE,Loading...
CCC-MMT01-01,Imaginary Friends,2-4,1-4,T1,,,,,,,,,FALSE,TRUE,Loading...
CCC-MMT01-02,A Little Competition Never Hurt Anyone,2,1-4,T1,,,,,,,,,TRUE,FALSE,Loading...
CCC-MMT01-03,Honorable Dissent - A Price of the Red War Adventure,2,1-4,T1,,,,,,,,,TRUE,FALSE,Loading...
CCC-MYR-01,Friends in Need,4,5-10,T2,,,,,,,,,FALSE,TRUE,Loading...
CCC-NBDD01-01,Clever,2,5-10,T2,,,,,,,,,TRUE,FALSE,Loading...
CCC-NUKE-0101,The Blighted Sun,4,1-4,T1,,,,,,,,,FALSE,TRUE,Loading...
CCC-NUKE-0102,Hide and Seek,4,1-4,T1,,,,,,,,,FALSE,TRUE,Loading...
CCC-OCC-01,Red War: Housekeeping Red War tie-in!,4-6,11-16,T3,,,,,,,,,FALSE,TRUE,Loading...
CCC-OCC-02,Feast of the Moon,2-4,1-4,T1,,,,,,,,,FALSE,TRUE,Loading...
CCC-ODFC-0101,Hammer and Anvil,4,1-4,T1,Gauntlets of Ogre Power,,,,,,,,FALSE,TRUE,Loading...
CCC-ODFC-0102,"Black Blades, Black Wings",4,5-10,T2,Rope of Entanglement,,,,,,,,FALSE,TRUE,#ERROR!
CCC-ODFC-0103,Elder's Eyes Upon You,4,11-16,T3,Warden (Spellguard Shield),,,,,,,,FALSE,TRUE,Loading...
CCC-ODFC-0201,Serenade of Pain,4,1-4,T1,Ripper's Claw (+1 Scimitar),Story Awards,,,,,,,FALSE,TRUE,#ERROR!
CCC-ODFC-0202,Palace of the Efreeti,4,5-10,T2,Vault of the Efreeti (Portable Hole),,,,,,,,FALSE,TRUE,Loading...
CCC-ODFC-0203,Night's Bright Dawning,4,11-16,T3,Midnight Phaeton's Horn (+3 Weapon),Story Awards,,,,,,,FALSE,TRUE,#ERROR!
CCC-ODFC-0301,A Momentary Lapse of Reason,2-4,1-4,T1,,,,,,,,,FALSE,TRUE,Loading...
CCC-OHAYOCON-01-03,Fiendly Competition,2-4,5-10,T2,,,,,,,,,FALSE,TRUE,Loading...
CCC-PDXAGE-0101,The White Well,2,1-4,T1,Adamantine Chain Shirt,,,,,,,,TRUE,FALSE,Loading...
CCC-PDXAGE-0201,The Dark Hunt,2,5-10,T2,Rapier of the Dark Huntsman,,,,,,,,TRUE,FALSE,Loading...
CCC-PHA-01,Six Summoned Swords,4,5-10,T2,Weave,,,,,,,,FALSE,TRUE,Loading...
CCC-PPTDD01-01,Trouble Under Winton,2,1-4,T1,,,,,,,,,TRUE,FALSE,#ERROR!
CCC-PRETZ-PLA01,The Mystery at Coppertop Manor,2-4,1-4,T1,,,,,,,,,FALSE,TRUE,Loading...
CCC-PRETZ-PLA02,A Mine of Their Own,2-4,1-4,T1,,,,,,,,,FALSE,TRUE,Loading...
CCC-PRIORY-01,Maritime Mayhem,2,1-4,T1,,,,,,,,,TRUE,FALSE,Loading...
CCC-PRIORY-02,Prison Pitfalls,2,1-4,T1,,,,,,,,,TRUE,FALSE,Loading...
CCC-PRIORY-03,Truths in Time,2,1-4,T1,,,,,,,,,TRUE,FALSE,#ERROR!
CCC-QCC2017,"Delusions of Grandeur, Dreams of Revenge",4,11-16,T3,Rewards Sheet (Manual of Bodily Health),,,,,,,,FALSE,TRUE,Loading...
CCC-QCC2018-01,Of Gods and Monsters,2,11-16,T3,,,,,,,,,TRUE,FALSE,Loading...
CCC-QCC2018-02,Heart and Soul,2,5-10,T2,,,,,,,,,TRUE,FALSE,Loading...
CCC-REAP-01,Red War: Lost Ashes of a Wayward Gnome,4,5-10,T2,,,,,,,,,FALSE,TRUE,Loading...
CCC-ROZK-0101,Binder's Torment,4,11-16,T3,Wand of the War Mage +2,,,,,,,,FALSE,TRUE,Loading...
CCC-ROZK-0102,Zhentarim's Lament,4,11-16,T3,Tome of Leadership and Influence,,,,,,,,FALSE,TRUE,Loading...
CCC-ROZK-0103,Necormancer's Ascent,4,11-16,T3,Spellguard Shield,,,,,,,,FALSE,TRUE,Loading...
CCC-RPR-01,Eyes of Blood,4,1-4,T1,Rebel's Yell (+1 Battleaxe),,,,,,,,FALSE,TRUE,Loading...
CCC-RPSG-01,Ooze There,4,1-4,T1,,,,,,,,,FALSE,TRUE,Loading...
CCC-SAC-01,A Light in the Dark,4,11-16,T3,,,,,,,,,FALSE,TRUE,Loading...
CCC-SAC-02,Fun with Fey,4,11-16,T3,,,,,,,,,FALSE,TRUE,Loading...
CCC-SAC-03,"They're Good Adventurers, Brent",2,1-4,T1,Extra files,,,,,,,,TRUE,FALSE,Loading...
CCC-SALT-01-01,Rumor of Riches,2,1-4,T1,Adamantine Chain,,,,,,,,TRUE,FALSE,Loading...
CCC-SALT-01-02,Moor Trouble,2,1-4,T1,Mace of the Tranquil Oasis,,,,,,,,TRUE,FALSE,Loading...
CCC-SALT-01-03,Broken Halls of Goldahroud,4,1-4,T1,Quiver of Elhonna,,,,,,,,FALSE,TRUE,Loading...
CCC-SALT-02-01,Mulmaster's Meddlings,4,1-4,T1,,,,,,,,,FALSE,TRUE,Loading...
CCC-SALT-02-02,Tower in the Valley,4,5-10,T2,,,,,,,,,FALSE,TRUE,Loading...
CCC-SALT-0205,The Darkness Never Forgets,4,5-10,T2,,,,,,,,,FALSE,TRUE,Loading...
CCC-SCAR01-01,Corrupted Artery,2,1-4,T1,Dagger +1,,,,,,,,TRUE,FALSE,Loading...
CCC-SCAR01-02,Glister by Light,4,1-4,T1,Stone of Good Luck,,,,,,,,FALSE,TRUE,Loading...
CCC-SCAR02-01,Glister By Dark,4,1-4,T1,,,,,,,,,FALSE,TRUE,Loading...
CCC-SCAR02-02,Nature's Defense,4,1-4,T1,,,,,,,,,FALSE,TRUE,Loading...
CCC-SFBAY-0101,Plots in Motion,8,5-10,T2,Smoke,,,,,,,,FALSE,FALSE,#ERROR!
CCC-SFBAY-0201,Old Enemies Arise,4,5-10,T2,,,,,,,,,FALSE,TRUE,Loading...
CCC-SFBAY-0202,Rise of the Ogre King,4,5-10,T2,,,,,,,,,FALSE,TRUE,Loading...
CCC-SFBAY-0203,The Risen Minotaur Lord,4,5-10,T2,,,,,,,,,FALSE,TRUE,Loading...
CCC-SFBAY-0401,The Cornflower Hive,4,1-4,T1,Javelin of Lightning,,,,,,,,FALSE,TRUE,Loading...
CCC-SFBAY-0402,Under Earth and Stone,2,5-10,T2,Traveler's Heart,,,,,,,,TRUE,FALSE,#ERROR!
CCC-SFBAY-0403,The Ashen Scar,2,1-4,T1,,,,,,,,,TRUE,FALSE,Loading...
CCC-SHINY-02,An Open Secret,2,1-4,T1,,,,,,,,,TRUE,FALSE,Loading...
CCC-SHINY-04,Elusion of Grand Yore,4,5-10,T2,,,,,,,,,FALSE,TRUE,Loading...
CCC-SKULL01-01,A Murder Most Foul,4,5-10,T2,,,,,,,,,FALSE,TRUE,Loading...
CCC-SKULL01-02,Not All Who Are Lost Should Be Found,4,5-10,T2,,,,,,,,,FALSE,TRUE,Loading...
CCC-SKULL01-03,Who Pulls the Strings,4,5-10,T2,,,,,,,,,FALSE,TRUE,Loading...
CCC-SQC-001,The Woodland Sage,4,5-10,T2,,,,,,,,,FALSE,TRUE,Loading...
CCC-SQC-0201,None the Wiser,4,5-10,T2,,,,,,,,,FALSE,TRUE,Loading...
CCC-SQC-0202,Last Gasp,4,5-10,T2,,,,,,,,,FALSE,TRUE,#ERROR!
CCC-SRCC-0101,Trouble in the Old City,2,1-4,T1,Slippers of Spider Climbing,,,,,,,,TRUE,FALSE,Loading...
CCC-SRCC-0102,Down the River of Snakes,2,1-4,T1,,,,,,,,,TRUE,FALSE,Loading...
CCC-SRCC-0103,Altar of the Smoldering Eye,2,1-4,T1,,,,,,,,,TRUE,FALSE,Loading...
CCC-STORM-01,The Barrows of Solina,4,5-10,T2,,,,,,,,,FALSE,TRUE,Loading...
CCC-STORM-02,Swamp of Sorrow: Bloodpurge Village,2-4,5-10,T2,,,,,,,,,FALSE,TRUE,Loading...
CCC-STS2-1,Red War - Embassy of Evil,4,5-10,T2,,,,,,,,,FALSE,TRUE,Loading...
CCC-SVH01-01,Dawn of the Raven Lord,4,11-16,T3,,,,,,,,,FALSE,TRUE,Loading...
CCC-SVH01-02,Raven Lord's Aerie,4,11-16,T3,,,,,,,,,FALSE,TRUE,Loading...
CCC-SVH01-03,Vault of the Raven Lord,4,11-16,T3,,,,,,,,,FALSE,TRUE,Loading...
CCC-TAROT-0101,Awakening of Fates,2,1-4,T1,,,,,,,,,TRUE,FALSE,Loading...
CCC-TAROT-0102,By the Light of the Moon,2,1-4,T1,,,,,,,,,TRUE,FALSE,Loading...
CCC-TAROT-0103,A Martyred Heart,2,1-4,T1,,,,,,,,,TRUE,FALSE,Loading...
CCC-TAROT-0104,Tangled Woods,2,1-4,T1,,,,,,,,,TRUE,FALSE,Loading...
CCC-TAROT-0105,The Lost Apprentice,2,1-4,T1,,,,,,,,,TRUE,FALSE,Loading...
CCC-TAROT-0106,Lies in the Moonlight,2,1-4,T1,,,,,,,,,TRUE,FALSE,Loading...
CCC-TAROT-0107,The Seat of the Ruler,4,1-4,T1,,,,,,,,,FALSE,TRUE,#ERROR!
CCC-TAROT-02-01,A Sunk Cost,4,5-10,T2,,,,,,,,,FALSE,TRUE,Loading...
CCC-THENT-0101,Beneath The Surface,2,1-4,T1,Pearl of Power,,,,,,,,TRUE,FALSE,Loading...
CCC-THENT-0102,Those That Dwell Beneath,2,1-4,T1,Periapt of Wound Closure,,,,,,,,TRUE,FALSE,Loading...
CCC-THENT-0103,The Dreaming Relic,4,1-4,T1,Instrument of the Bards: Mac-Fuirmidh Cittern,,,,,,,,FALSE,TRUE,Loading...
CCC-TRI-01,Into the Darkness,4,11-16,T3,Robe of Scintillting Colors,,,,,,,,FALSE,TRUE,Loading...
CCC-TRI-02,Impression Left Behind,4,11-16,T3,Rod of Absorption,,,,,,,,FALSE,TRUE,Loading...
CCC-TRI-03,Fences and Swords,2,5-10,T2,Rod of Rulership,,,,,,,,TRUE,FALSE,Loading...
CCC-TRI-04,Birds of a Feather,2,5-10,T2,Wings of Flying,,,,,,,,TRUE,FALSE,Loading...
CCC-TRI-05,Hunt of Malar,4,5-10,T2,Horn of Valhalla (Silver),,,,,,,,FALSE,TRUE,Loading...
CCC-TRI-06,Haggard Heroes,4,5-10,T2,Half-plate +1,,,,,,,,FALSE,TRUE,Loading...
CCC-TRI-07,Beneath the Moonsea,4,5-10,T2,Portable Hole,,,,,,,,FALSE,TRUE,Loading...
CCC-TRI-08,Dreadful Wail,4,5-10,T2,Ring of the Ram,,,,,,,,FALSE,TRUE,Loading...
CCC-TRI-09,Tinhammer Falls,4,1-4,T1,War Pick +1,,,,,,,,FALSE,TRUE,Loading...
CCC-TRI-10,Contact,4,11-16,T3,Dwarven Plate,,,,,,,,FALSE,TRUE,Loading...
CCC-TRI-11,Flooded Dreams,4,1-4,T1,Quarerstaff +1,,,,,,,,FALSE,TRUE,Loading...
CCC-TRI-12,Ill Met in Ylraphon,4,1-4,T1,,,,,,,,,FALSE,TRUE,Loading...
CCC-TRI-13,What Lies beneath Ylraphon,4,1-4,T1,Broom of Flying,,,,,,,,FALSE,TRUE,Loading...
CCC-TRI-14,The Voice in the Night,4,11-16,T3,Staff of Stricking,,,,,,,,FALSE,TRUE,Loading...
CCC-TRI-15,The Dark of the Hive,4,11-16,T3,Tome of Leadership and Influence,,,,,,,,FALSE,TRUE,Loading...
CCC-TRI-16,"Ph'theev, the Despondent",4,1-4,T1,,,,,,,,,FALSE,TRUE,Loading...
CCC-TRI-17,"Ph'teev, Unbound!",4,1-4,T1,,,,,,,,,FALSE,TRUE,#ERROR!
CCC-TRI-18,Pros & Cons,4,1-4,T1,,,,,,,,,FALSE,TRUE,Loading...
CCC-TRI-19,Dead Men's Tales,4,1-4,T1,Shield of Salty Griffon,,,,,,,,FALSE,TRUE,Loading...
CCC-TRI-22,On the Baron's Trail,4,11-16,T3,,,,,,,,,FALSE,TRUE,Loading...
CCC-TRI-23,Sub Rosa,4,11-16,T3,,,,,,,,,FALSE,TRUE,Loading...
CCC-TRI-24,Knight Errand,4,11-16,T3,,,,,,,,,FALSE,TRUE,Loading...
CCC-TRI-25,Dead Men's Treasure,4,5-10,T2,,,,,,,,,FALSE,TRUE,Loading...
CCC-TRI-29,Tidefall,4,11-16,T3,,,,,,,,,FALSE,TRUE,Loading...
CCC-TRI-30,Remnants of a Dream,1,1-2,T1,,,,,,,,,TRUE,TRUE,Loading...
CCC-TRI-31,Out of Time,4,5-10,T2,,,,,,,,,FALSE,TRUE,Loading...
CCC-TRI-32,Casks and Caskets,2,1-4,T1,,,,,,,,,TRUE,FALSE,Loading...
CCC-TRI-33,Matters of Life and Death,2,1-4,T1,,,,,,,,,TRUE,FALSE,Loading...
CCC-TRI-34,Rise of the Sea Dragon,2-4,5-10,T2,Map Pack,,,,,,,,FALSE,TRUE,Loading...
CCC-UCON-01,Blood & Fog,4,5-10,T2,Berserker Flail,,,,,,,,FALSE,TRUE,Loading...
CCC-UK-1,Call of the Elvenflow,4,1-4,T1,,,,,,,,,FALSE,TRUE,#ERROR!
CCC-UK-2,The Wayward Wives,4,1-4,T1,,,,,,,,,FALSE,TRUE,Loading...
CCC-WWC-01,In the Face of Fear,2,1-4,T1,Wand of Magic Missles,,,,,,,,TRUE,FALSE,Loading...
CCC-WWC-02,Dark Waters of Hate,2,1-4,T1,Trident of Fish Command,,,,,,,,TRUE,FALSE,Loading...
CCC-WWC-03,Tyrant of the Forgotten Forge,2,1-4,T1,Bag of Holding,,,,,,,,TRUE,FALSE,Loading...
CCC-WWC-04,The Black Hand,4,1-4,T1,Cloak of Protection,,,,,,,,FALSE,TRUE,Loading...
CCC-WYC1-1,Back to the Burning,4,5-10,T2,,,,,,,,,FALSE,TRUE,Loading...
CCC-WYC1-2,Where Rock and Fire Meet,4,5-10,T2,,,,,,,,,FALSE,TRUE,Loading...
CCC-WYC1-3,The Dawn Heresy,4,5-10,T2,,,,,,,,,FALSE,TRUE,Loading...
CCC-YLRA-01,Her Dying Wish,4,5-10,T2,,,,,,,,,FALSE,TRUE,Loading...
CCC-YLRA-02,Uneasy Lies the Head,4,5-10,T2,,,,,,,,,FALSE,TRUE,Loading...
CCC-YLRA-03,Bound By Duty,4,5-10,T2,,,,,,,,,FALSE,TRUE,Loading...
CCC-ZIEGE-01,Shadows of the Blood Moon,4,5-10,T2,,,,,,,,,FALSE,TRUE,Loading...
CCC-ZIEGE-02,Storm of the Blood Moon,4,5-10,T2,,,,,,,,,FALSE,TRUE,Loading...
CCC-ZIEGE-03,Dead Men Feel No Cold,4,5-10,T2,,,,,,,,,FALSE,TRUE,Loading...
CCC-ZIEGE-04-01,The Miser's Glory,2-4,1-4,T1,,,,,,,,,FALSE,TRUE,Loading...
CCC-ZIEGE-04-02,The Widow's Fang,2-4,1-4,T1,,,,,,,,,FALSE,TRUE,Loading...
DDAL-CGB,Cloud Giant's Bargain,4,5-10,T2,,,,,,,,,FALSE,TRUE,Loading...
DDAL-DRW01,Breaking Umberlees Resolve,4-6,5-10,T2,,,,,,,,,FALSE,TRUE,Loading...
DDAL-DRW02,Blood in the Water,4-6,5-10,T2,,,,,,,,,FALSE,TRUE,Loading...
DDAL-DRW03,Saving Silverbeard,4-6,11-16,T3,,,,,,,,,FALSE,TRUE,Loading...
DDAL-DRW04,Foreign Affairs,6,11-16,T3,,,,,,,,,FALSE,FALSE,#ERROR!
DDAL-DRW05,Uncertain Scrutiny,6,11-16,T3,,,,,,,,,FALSE,FALSE,Loading...
DDAL-DRW06,Thimblerigging,6,11-16,T3,,,,,,,,,FALSE,FALSE,#ERROR!
DDAL-DRW07,Moment of Peace,6,11-16,T3,,,,,,,,,FALSE,FALSE,Loading...
DDAL-DRW08,The Harrowing of Hell,8,17-20,T4,,,,,,,,,FALSE,FALSE,Loading...
DDAL-DRW09,Vile Bounty,4,5-10,T2,,,,,,,,,FALSE,TRUE,Loading...
DDAL-DRW10,Unsafe Harborage,4,5-10,T2,,,,,,,,,FALSE,TRUE,Loading...
DDAL-DRW11,Shadows In The Stacks,4,5-10,T2,,,,,,,,,FALSE,TRUE,#ERROR!
DDAL-DRW12,To Walk The Cold Dark,4,5-10,T2,,,,,,,,,FALSE,TRUE,Loading...
DDAL-DRW13,Night Thieves,4,5-10,T2,,,,,,,,,FALSE,TRUE,Loading...
DDAL-DRW14,The City That Should Not Be,4,11-16,T3,,,,,,,,,FALSE,TRUE,Loading...
DDAL-DRW15,Frozen Whispers,4,11-16,T3,,,,,,,,,FALSE,TRUE,Loading...
DDAL-DRW16,Uprising,4,11-16,T3,,,,,,,,,FALSE,TRUE,Loading...
DDAL-DRW17,Expedition to the Supreme Forge,4,11-16,T3,,,,,,,,,FALSE,TRUE,#ERROR!
DDAL-DRW18,Against the Machine,4,11-16,T3,,,,,,,,,FALSE,TRUE,Loading...
DDAL-DRW19,Fall the Cold Night,4,17-20,T4,,,,,,,,,FALSE,TRUE,Loading...
DDAL-DRW20,The Death of Szass Tam,4,17-20,T4,,,,,,,,,FALSE,TRUE,Loading...
DDAL-EB-01,The Night Land,4,1-4,T1,,,,,,,TRUE,,FALSE,TRUE,#ERROR!
DDAL-EB-02,Voice in the Machine,4,1-4,T1,,,,,,,TRUE,,FALSE,TRUE,Loading...
DDAL-EB-03,Where the Dead Wait,4,1-4,T1,,,,,,,TRUE,,FALSE,TRUE,#ERROR!
DDAL-EB-04,The Third Protocol,4,1-4,T1,,,,,,,TRUE,,FALSE,TRUE,Loading...
DDAL-EB-05,A Century of Ashes,4,5-10,T2,,,,,,,TRUE,,FALSE,TRUE,#ERROR!
DDAL-EB-06,The Last Word,4,5-10,T2,,,,,,,TRUE,,FALSE,TRUE,Loading...
DDAL-EB-07,Song of the Sky,4,5-10,T2,,,,,,,TRUE,,FALSE,TRUE,Loading...
DDAL-EB-XX,Eberron Oracle of War - Salvage Bases and Missions,2-4,1-20,"T1,T2,T3,T4",,,,,,,TRUE,,FALSE,TRUE,Loading...
DDAL-EBEP-01,The Iron Titan,3,1-4,T1,,,,,TRUE,,TRUE,,FALSE,TRUE,Loading...
DDAL-ELW00,What's Past is Prologue,2-4,pregens (0),Special,Pregens,,,,,,TRUE,,FALSE,TRUE,Loading...
DDAL-ELW01,Murder in Skyway,2-4,1-4,T1,,,,,,,TRUE,,FALSE,TRUE,Loading...
DDAL-ELW02,Boromar Ball,2-4,1-4,T1,,,,,,,TRUE,,FALSE,TRUE,Loading...
DDAL-ELW03,The Cannith Code,2-4,1-4,T1,,,,,,,TRUE,,FALSE,TRUE,Loading...
DDAL-ELW04,Jack of Daggers,2-4,1-4,T1,,,,,,,TRUE,,FALSE,TRUE,Loading...
DDAL-ELW05,Against the Lightning,2-4,5-10,T2,,,,,,,TRUE,,FALSE,TRUE,Loading...
DDAL-ELW06,A Holy Visit,2-4,5-10,T2,,,,,,,TRUE,,FALSE,TRUE,#ERROR!
DDAL-ELW07,Blades of Terror,2-4,5-10,T2,,,,,,,TRUE,,FALSE,TRUE,Loading...
DDAL-ELW08,The Kundarak Job,2-4,5-10,T2,,,,,,,TRUE,,FALSE,TRUE,#ERROR!
DDAL-ELW09,Searching for Secrets,2-4,5-10,T2,,,,,,,TRUE,,FALSE,TRUE,Loading...
DDAL-ELW10,The Killing Blade,2-4,5-10,T2,,,,,,,TRUE,,FALSE,TRUE,Loading...
DDAL-ELW11,Secrets Below,2-4,5-10,T2,,,,,,,TRUE,,FALSE,TRUE,#ERROR!
DDAL-OPEN-2016,Soulbound Tomb,8,1-10,"T1,T2",,,,,TRUE,,,,FALSE,FALSE,Loading...
DDAL-OPEN-2017,Lost Temples of Lake Luo,4,1-20,"T1,T2,T3,T4",,,,,TRUE,,,,FALSE,TRUE,Loading...
DDAL-OPEN-2018,Gangs of Waterdeep,8,pregens,Special,Pregens,,,,TRUE,,,,FALSE,FALSE,Loading...
DDAL-OPEN-2019,Forged in Fire,8,pregens,Special,,,,,TRUE,,,,FALSE,FALSE,Loading...
DDAL-WGE-01 ,Encounters in Sharn,n/a,1-10,"T1,T2",,,,,,TRUE,TRUE,,FALSE,FALSE,Loading...
DDAL00-??,Infernal Machine Rebuild,HC,5-10,T2,"mandatory premades, advance another char",,,,,,,,FALSE,FALSE,Loading...
DDAL00-01,Window to the Past,4,5-20,"T2,T3,T4",,,,,,,,,FALSE,TRUE,Loading...
DDAL00-02-A,Lost Tales of Myth Drannor: The Darkwood Webs,2,1-4,T1,no certs,,Chapter 4,,,,,,TRUE,FALSE,Loading...
DDAL00-02-B,Lost Tales of Myth Drannor: The Weirding Vats,2,1-4,T1,no certs,,Chapter 5,,,,,,TRUE,FALSE,Loading...
DDAL00-02-C,Lost Tales of Myth Drannor: Spawn of the Maimed Virulence,2,5-10,T2,no certs,,Chapter 6,,,,,,TRUE,FALSE,Loading...
DDAL00-02-D,Lost Tales of Myth Drannor: Echoes of the Weeping War,2,5-10,T2,no certs,,Chapter 7,,,,,,TRUE,FALSE,Loading...
DDAL00-02-E,Lost Tales of Myth Drannor: Forgotten Foes,2,11-16,T3,no certs,,Chapter 8,,,,,,TRUE,FALSE,Loading...
DDAL00-02-F,Lost Tales of Myth Drannor: The Definition of Heroism,2,17-20,T4,no certs,,Chapter 9,,,,,,TRUE,FALSE,Loading...
DDAL00-03,Those That Came Before,4,11-20,"T3,T4",,,,,,,,,FALSE,TRUE,Loading...
DDAL00-04,Winter's Flame,2,1-4,T1,,,,,,,,,TRUE,FALSE,Loading...
DDAL00-05,Winter's Splendor,2,1-4,T1,,,,,,,,,TRUE,FALSE,Loading...
DDAL00-06,Lost Laboratory of Kwalish,8,5-10,T2,,,,,,,,,FALSE,FALSE,Loading...
DDAL00-07,The Embers of Hate,4,1-10,"T1, T2",,,,,,,,,FALSE,TRUE,#ERROR!
DDAL00-08,Layers Upon Layers (main),2-4,1-10,T1.T2,bonus objective A,,,,,,,,FALSE,TRUE,Loading...
DDAL00-09,Minsc & Boo's Guide to Stuff and Things,2,5-10,T2,(Pre-Gens),,"Adventure is ""Minsc and Boo Undermountain the Musical""",,,,,,TRUE,FALSE,Loading...
DDAL00-10,Trust and Understanding,6-8,17-20,T4,,,,,,,,,FALSE,TRUE,Loading...
DDAL00-11,Pipyap’s Guide to All of the Nine Hells,HC,1-20,"T1,T2,T3,T4",,,,,,,,,FALSE,FALSE,Loading...
DDAL00-12,Infernal Encounters,1,1-16,"T1,T2,T3",,,,,,,,,TRUE,TRUE,Loading...
DDAL04-01,Suits of the Mists,1x5,1-2,T1,none,,,,,,,,TRUE,TRUE,Loading...
DDAL04-02,The Beast,2,1-4,T1,Whip of Warning,,,,,,,,TRUE,FALSE,Loading...
DDAL04-03,The Executioner,2,1-4,T1,Wolfskin Cap,,,,,,,,TRUE,FALSE,Loading...
DDAL04-04,The Marionette,4,1-4,T1,Eyes of Charming,,,,,,,,FALSE,TRUE,Loading...
DDAL04-05,The Seer,2,1-4,T1,Wind Fan,,,,,,,,TRUE,FALSE,Loading...
DDAL04-06,The Ghost,4,1-4,T1,Boots of Elvenkind,,,,,,,,FALSE,TRUE,Loading...
DDAL04-07,The Innocent,4,5-10,T2,Cape of the Mountebank,,,,,,,,FALSE,TRUE,Loading...
DDAL04-08,The Broken One,2,5-10,T2,Ring of Spell Storing,,,,,,,,TRUE,FALSE,Loading...
DDAL04-09,The Tempter,2,5-10,T2,Glamoured Studded Leather,,,,,,,,TRUE,FALSE,#ERROR!
DDAL04-10,The Artifact,4,5-10,T2,Wand of Binding,,,,,,,,FALSE,TRUE,Loading...
DDAL04-11,The Donjon,4,5-10,T2,Dagger of Venom,,,,,,,,FALSE,TRUE,Loading...
DDAL04-12,The Raven,2,5-10,T2,Bonds of Fear (Dimensional Shackles),,,,,,,,TRUE,FALSE,Loading...
DDAL04-13,The Horseman,2,5-10,T2,Ring of Animal Influence,,,,,,,,TRUE,FALSE,Loading...
DDAL04-14,The Dark Lord,4,5-10,T2,Bracers of Defense,,,,,,,,FALSE,TRUE,Loading...
DDAL05-01,Treasures of the Broken Horde,1x5,1-2,T0,none,,,,,,,,TRUE,TRUE,Loading...
DDAL05-02,The Black Road,2,1-4,T1,Bracers of Archery,,,,,,,,TRUE,FALSE,Loading...
DDAL05-03,Uninvited Guests,2,1-4,T1,Brooch of Shielding,,,,,,,,TRUE,FALSE,Loading...
DDAL05-04,In Dire Need,2,5-10,T2,Mithral Splintmail,,,,,,,,TRUE,FALSE,Loading...
DDAL05-05,A Dish Best Served Cold,2,5-10,T2,Cloak of Displacement,,,,,,,,TRUE,FALSE,Loading...
DDAL05-06,Beneath the Fetid Chelimber,2,1-4,T1,Ring of Swimming,,,,,,,,TRUE,FALSE,Loading...
DDAL05-07,Chelimber's Descent,2,1-4,T1,Wand of Web,,,,,,,,TRUE,FALSE,Loading...
DDAL05-08,Durlag's Tower,4,11-16,T3,Staff of Thunder and Lightning,Quasit Essence,,,,,,,FALSE,TRUE,Loading...
DDAL05-09,Durlag's Tomb,4,11-16,T3,Skeggox (+3 Battleaxe),,,,,,,,FALSE,TRUE,#ERROR!
DDAL05-10,Giant Diplomacy,2,1-4,T1,Ring of Jumping,,,,,,,,TRUE,FALSE,Loading...
DDAL05-11,Forgotten Traditions,4,5-10,T2,Opal of the Ild Rune,,,,,,,,FALSE,TRUE,Loading...
DDAL05-12,Bad Business in Parnast,2,1-4,T1,Gauntlets of Ogre Power,,,,,,,,TRUE,FALSE,Loading...
DDAL05-13,Jarl Rising,4,5-10,T2,The Shroud of the Mourning Warrior,,,,,,,,FALSE,TRUE,Loading...
DDAL05-14,Reeducation,4,11-16,T3,Orb of the Ild Rune ,Orb of the Stein Rune,,,,,,,FALSE,TRUE,Loading...
DDAL05-15,Reclamation,4,11-16,T3,Pennant of the Vind Rune,,,,,,,,FALSE,TRUE,Loading...
DDAL05-16,Parnast Under Siege,4,1-4,T1,Headband of Intellect,,,,,,,,FALSE,TRUE,Loading...
DDAL05-17,Hartkiller's Horn,4,5-10,T2,Dagger of Venom,,,,,,,,FALSE,TRUE,#ERROR!
DDAL05-18,"Eye of Xxiphu, part 1 (The Mysterious Isle)",4,17-20,T4,Staff of Power,,,,,,,,FALSE,TRUE,#ERROR!
DDAL05-19,"Eye of Xxiphu, part 2",4,17-20,T4,Tome of Understanding,,,,,,,,FALSE,TRUE,Loading...
DDAL06-01,A Thousand Tiny Deaths,2,1-4,T1,Cloak of Protection,,Leads into Forge of Fury,,,,,,TRUE,FALSE,Loading...
DDAL06-02,The Redemption of Kelvan,2,5-10,T2,Boots of Speed,,Leads into White Plume Mountain,,,,,,TRUE,FALSE,Loading...
DDAL06-03,Crypt of the Death Giants,2,17-20,T4,Belt of Giant Strength (Storm),,Continues Against the Giants,,,,,,TRUE,FALSE,Loading...
DDAL07-01,A City on the Edge,1x5,1-4,T1,none,,,,,,,,TRUE,TRUE,Loading...
DDAL07-02,Over the Edge,1,5-10,T2,none,,,,,,,,TRUE,TRUE,Loading...
DDAL07-03,A Day at the Races,2,1-4,T1,(+1 Quarterstaff),,,,,,,,TRUE,FALSE,Loading...
DDAL07-04,A Walk in the Park,2,1-4,T1,Goggles of Night,,,,,,,,TRUE,FALSE,Loading...
DDAL07-05,Whispers in the Dark,2,1-4,T1,Pearl of Power,,,,,,,,TRUE,FALSE,Loading...
DDAL07-06,Fester and Burn,2,5-10,T2,Mace of Smiting,,,,,,,,TRUE,FALSE,Loading...
DDAL07-07,Rotting Roots,2,5-10,T2,Rope of Entanglement,,,,,,,,TRUE,FALSE,Loading...
DDAL07-08,Putting the Dead to Rest,2,5-10,T2,Staff of the Woodlands,,,,,,,,TRUE,FALSE,Loading...
DDAL07-09,Unusual Opposition,4,11-16,T3,,,,,,,,,FALSE,TRUE,Loading...
DDAL07-10,"Fire, Ash, and Ruin",4,11-16,T3,,,,,,,,,FALSE,TRUE,Loading...
DDAL07-11,A Lesson in Love,4,11-16,T3,Love's Bite (Nine Lives Stealer),,,,,,,,FALSE,TRUE,Loading...
DDAL07-12,In Search of Secrets,4,11-16,T3,Staff of Striking,,,,,,,,FALSE,TRUE,Loading...
DDAL07-13,Old Bones and Older Tomes,4,11-16,T3,Wand of Polymorph,,,,,,,,FALSE,TRUE,Loading...
DDAL07-14,The Fathomless Depths of Ill Intent,4,11-16,T3,The Mask of Wompona Yarp,,,,,,,,FALSE,TRUE,Loading...
DDAL07-15,Streams of Crimson,4,17-20,T4,Efreeti Chain,,,,,,,,FALSE,TRUE,Loading...
DDAL07-16,Pools of Cerulean,4,17-20,T4,Vorpal Sword,,,,,,,,FALSE,TRUE,Loading...
DDAL07-17,Cauldron of Sapphire,4,17-20,T4,Staff of the Magi,,,,,,,,FALSE,TRUE,Loading...
DDAL07-18,Turn Back the Endless Night,4,17-20,T4,Scarab of Protection,,,,,,,,FALSE,TRUE,Loading...
DDAL08-00,Once in Waterdeep,4,1-4,T1,,,,,,,,,FALSE,TRUE,Loading...
DDAL08-01,The Map With No Names,2-4,1-4,T1,,,,,,,,,FALSE,TRUE,Loading...
DDAL08-02,Beneath the City of the Dead,2-4,1-4,T1,,,,,,,,,FALSE,TRUE,Loading...
DDAL08-03,Dock Ward Double Cross,2-4,1-4,T1,,,,,,,,,FALSE,TRUE,Loading...
DDAL08-04,A Wrinkle in the Weave,2-4,1-4,T1,,,,,,,,,FALSE,TRUE,Loading...
DDAL08-05,Hero of the Troll Wars,2-4,1-4,T1,,,,,,,,,FALSE,TRUE,Loading...
DDAL08-06,Purging the Blood,2-4,1-4,T1,,,,,,,,,FALSE,TRUE,Loading...
DDAL08-07,Into the Dark,2-4,5-10,T2,,,,,,,,,FALSE,TRUE,Loading...
DDAL08-08,Crypt of the Dark Kiss,2-4,5-10,T2,,,,,,,,,FALSE,TRUE,Loading...
DDAL08-09,Fangs and Frogs,2-4,5-10,T2,,,,,,,,,FALSE,TRUE,Loading...
DDAL08-10,The Skull Square Murders,2-4,5-10,T2,,,,,,,,,FALSE,TRUE,Loading...
DDAL08-11,Poisoned Words,2-4,5-10,T2,,,,,,,,,FALSE,TRUE,#ERROR!
DDAL08-12,Xanathar's Wrath,2-4,5-10,T2,,,,,,,,,FALSE,TRUE,Loading...
DDAL08-13,The Vampire of Skullport,4-6,11-16,T3,,,,,,,,,FALSE,TRUE,Loading...
DDAL08-14,Rescue from Vanrakdoom,4-6,11-16,T3,,,,,,,,,FALSE,TRUE,Loading...
DDAL08-15,Forge of Fangs,4-6,11-16,T3,,,,,,,,,FALSE,TRUE,Loading...
DDAL08-16,A Change of Address,4-6,17-20,T4,,,,,,,,,FALSE,TRUE,Loading...
DDAL08-17,The Tower of Ahghairon,4-6,17-20,T4,Printer Friendly Copy,,,,,,,,FALSE,TRUE,Loading...
DDAL08-18,Moving Day,2-4,17-20,T4,,,,,,,,,FALSE,TRUE,Loading...
DDAL09-01,Escape from Elturel,1x4,1-2,T1,,,,,,,,,TRUE,TRUE,Loading...
DDAL09-02,Stopped at the Gate,2-4,1-4,T1,,,,,,,,,FALSE,TRUE,Loading...
DDAL09-03,Hungry Shadows,2-4,1-4,T1,,,,,,,,,FALSE,TRUE,Loading...
DDAL09-04,Day of the Devil,2-4,1-4,T1,,,,,,,,,FALSE,TRUE,Loading...
DDAL09-05,Faces of Fortune,4-6,5-10,T2,,,,,,,,,FALSE,TRUE,Loading...
DDAL09-06,Infernal Insurgency,4-6,5-10,T2,,,,,,,,,FALSE,TRUE,#ERROR!
DDAL09-07,Diabolical Dive,4-6,5-10,T2,,,,,,,,,FALSE,TRUE,Loading...
DDAL09-08,In the Garden of Evil,4-6,5-10,T2,,,,,,,,,FALSE,TRUE,Loading...
DDAL09-09,Ruined Prospects,4-6,5-10,T2,,,,,,,,,FALSE,TRUE,Loading...
DDAL09-10,Tipping the Scales,4-6,5-10,T2,,,,,,,,,FALSE,TRUE,Loading...
DDAL09-11,Losing Fai,4-6,11-16,T3,,,,,,,,,FALSE,TRUE,Loading...
DDAL09-12,The Breath of Life,4-6,11-16,T3,,,,,,,,,FALSE,TRUE,Loading...
DDAL09-13,The Swarmed Heart,4-6,11-16,T3,,,,,,,,,FALSE,TRUE,Loading...
DDAL09-14,The Vast Emptiness of Grace,4-6,11-16,T3,,,,,,,,,FALSE,TRUE,Loading...
DDAL09-15,Maddening Screams,4-6,11-16,T3,,,,,,,,,FALSE,TRUE,#ERROR!
DDAL09-16,Honors Unforseen,4-6,11-16,T3,,,,,,,,,FALSE,TRUE,Loading...
DDAL09-17,In the Hand,4-6,11-16,T3,,,,,,,,,FALSE,TRUE,Loading...
DDAL09-18,Consequences of Choice,4-6,11-16,T3,,,,,,,,,FALSE,TRUE,Loading...
DDAL09-19,Fang and Claw,4-6,17-20,T4,,,,,,,,,FALSE,TRUE,Loading...
DDAL09-20,Where Devils Fear to Tread,4-6,17-20,T4,,,,,,,,,FALSE,TRUE,Loading...
DDALCA-01,Return to the Ghost Tower of Inverness,4,pregens,Special,Cert: Story Award: Echos of the Past,Mandatory Pregens,,,TRUE,,,,FALSE,TRUE,Loading...
DDALCA-02,Astral Entanglement,4,pregens,Special,,,,,TRUE,,,,FALSE,TRUE,Loading...
DDEP-DRW01,Assault on Myth Nantar,4,5-16,"T2,T3",,,,,TRUE,,,,FALSE,TRUE,Loading...
DDEP00-01,Red War ,4,1-20,"T1,T2,T3,T4",,,,,TRUE,,,,FALSE,TRUE,Loading...
DDEP05-01,The Iron Baron,4,1-10,"T1,T2",Cert 1,Cert 2,Digital Map Pack,,TRUE,,,,FALSE,TRUE,Loading...
DDEP05-02,The Ark of the Mountains,4,1-16,"T1,T2,T3",,,,,TRUE,,,,FALSE,TRUE,Loading...
DDEP06-01,Relics of Khundrukar,4,1-10,"T1,T2",,,,,TRUE,,,,FALSE,TRUE,Loading...
DDEP06-02,Return to White Plume Mountain,4,5-16,"T2,T3",,,,,TRUE,,,,FALSE,TRUE,Loading...
DDEP06-03,Hecatomb,4,11-20,"T3,T4",,,,,TRUE,,,,FALSE,TRUE,Loading...
DDEP07-01,Peril at the Port,4,1-10,"T1,T2",,,,,TRUE,,,,FALSE,TRUE,Loading...
DDEP07-02,Drums of the Dead,4,1-20,"T1,T2,T3,T4",Book 2,Book 3,Cert,,TRUE,,,,FALSE,TRUE,Loading...
DDEP08-01,Chaos in the City of Splendors,4,1-4,T1,,,,,TRUE,,,,FALSE,TRUE,Loading...
DDEP08-02,Stardock Under Siege,4,1-16,"T1,T2,T3",,,,,TRUE,,,,FALSE,TRUE,Loading...
DDEP09-01,Infernal Pursuits,4,1-10,"T1,T2",,,,,TRUE,,,,FALSE,TRUE,Loading...
DDEP09-02,Hellfire Requiem,4,1-10,"T1,T2",Maps for part 2,,,,TRUE,,,,FALSE,TRUE,Loading...
DDEP09-03,Liar's Night,4,1-10,"T1,T2",,,,,TRUE,,,,FALSE,TRUE,Loading...
DDEP1,Corruption in Kryptgarden,4,1-10,"T1,T2",,,,,TRUE,,,,FALSE,TRUE,Loading...
DDEP2,Mulmaster Undone,4,1-10,"T1,T2",,,,,TRUE,,,,FALSE,TRUE,Loading...
DDEP3,"Blood Above, Blood Below",4,1-10,"T1,T2","Blood Above, Blood Below Admin Guide",,,,TRUE,,,,FALSE,TRUE,Loading...
DDEP4,Reclamation of Phlan,4,1-16,"T1,T2,T3",Reclamation of Phlan Admin Guide,,,,TRUE,,,,FALSE,TRUE,#ERROR!
DDEX01-01,Defiance in Phlan,1x5,1-2,T1,none,,,,,,,,TRUE,TRUE,Loading...
DDEX01-02,Secrets of Sokol Keep,4,1-4,T1,(paper cert): Wand of Magic Detection,,,,,,,,FALSE,TRUE,Loading...
DDEX01-03,Shadows Over the Moonsea,4,1-4,T1,(paper cert): Ring of Evasion,,,,,,,,FALSE,TRUE,Loading...
DDEX01-04,Dues for the Dead,4,1-4,T1,(paper cert): Goggles of Night,,,,,,,,FALSE,TRUE,Loading...
DDEX01-05,The Courting of Fire,4,1-4,T1,(paper cert): Ring of Fire Resistance,,,,,,,,FALSE,TRUE,#ERROR!
DDEX01-06,The Scroll Thief,4,1-4,T1,(paper cert): Headband of Intellect,,,,,,,,FALSE,TRUE,Loading...
DDEX01-07,Drums in the Marsh,4,1-4,T1,(paper cert): Keoghtom's Ointment,,,,,,,,FALSE,TRUE,Loading...
DDEX01-08,Tales Trees Tell,4,1-4,T1,(paper cert): Cloak of Elvenkind,,,,,,,,FALSE,TRUE,Loading...
DDEX01-09,Outlaws of the Iron Route,4,1-4,T1,(paper cert): +1 Longbow,,,,,,,,FALSE,TRUE,Loading...
DDEX01-10,Tyranny in Phlan,4,5-10,T2,(paper cert): Ioun Stone of Protection,,,,,,,,FALSE,TRUE,Loading...
DDEX01-11,Dark Pyramid of Sorcerers Isle,8,5-10,T2,(paper cert): Horn of Blasting,,,,,,,,FALSE,FALSE,Loading...
DDEX01-12,Raiders of the Twilight Marsh,4,5-10,T2,(paper cert): +1 Splint Armor,,,,,,,,FALSE,TRUE,Loading...
DDEX01-13,Pool of Radiance Resurgent,4,5-10,T2,(paper cert): Mantle of Spell Resistance,,,,,,,,FALSE,TRUE,Loading...
DDEX01-14,Escape from Phlan,4,5-10,T2,(paper cert): Robe of Eyes,,,,,,,,FALSE,TRUE,Loading...
DDEX02-01,City of Danger,1x5,1-2,T1,none,,,,,,,,TRUE,TRUE,Loading...
DDEX02-02,Embers of Elmwood,4,1-4,T1,(paper cert): Staff of Charming,,,,,,,,FALSE,TRUE,Loading...
DDEX02-03,The Drowned Tower,4,5-10,T2,(paper cert): Trident of Warning,,,,,,,,FALSE,TRUE,Loading...
DDEX02-04,Mayhem in the Earthspur Mines,4,5-10,T2,(paper cert): Belt of Dwarvenkind,,,,,,,,FALSE,TRUE,Loading...
DDEX02-05,Flames of Kythorn,4,1-4,T1,(paper cert): Brooch of Shielding,,,,,,,,FALSE,TRUE,Loading...
DDEX02-06,Breath of the Yellow Rose,4,1-4,T1,(paper cert): Ring of Mind Shielding,,,,,,,,FALSE,TRUE,Loading...
DDEX02-07,Bounty in the Bog,4,1-4,T1,(paper cert): Ring of Water Walking,,,,,,,,FALSE,TRUE,Loading...
DDEX02-08,Foulness Beneath Mulmaster,4,1-4,T1,(paper cert): +1 Rod of the Pact Keeper,,,,,,,,FALSE,TRUE,Loading...
DDEX02-09,Eye of the Tempest,8,5-10,T2,(paper cert): Wand of Lightning Bolts,Figurine of Wonderous Power (Serpentine Owl),,,,,,,FALSE,FALSE,Loading...
DDEX02-10,Cloaks and Shadows,4,1-4,T1,(paper cert): Winged Boots,,,,,,,,FALSE,TRUE,Loading...
DDEX02-11,Oubliette of Fort Iron,2,1-4,T1,(paper cert): +1 Battle Axe,,,,,,,,TRUE,FALSE,Loading...
DDEX02-12,Dark Rites at Fort Dalton,2,1-4,T1,(paper cert): Sentinel Shield,,,,,,,,TRUE,FALSE,Loading...
DDEX02-13,The Howling Void,4,5-10,T2,(paper cert): Staff of Withering,,,,,,,,FALSE,TRUE,Loading...
DDEX02-14,The Sword of Selfaril,4,5-10,T2,(paper cert): +2 Shield (Wall of Teeth),,,,,,,,FALSE,TRUE,Loading...
DDEX02-15,Black Heart of Vengeance,4,5-10,T2,(paper cert): Sword of Wounding,Elemental Gem (yellow diamond),,,,,,,FALSE,TRUE,Loading...
DDEX02-16,Boltsmelter's Book,4,1-4,T1,(paper cert): Medallion of Thoughts,,,,,,,,FALSE,TRUE,Loading...
DDEX03-01,Harried in Hillsfar,1x5,1-2,T1,none,,,,,,,,TRUE,TRUE,Loading...
DDEX03-02,Shackles of Blood,4,1-4,T1,(paper cert): +1 Rapier,,,,,,,,FALSE,TRUE,Loading...
DDEX03-03,The Occupation of Szith Morcane,4,5-10,T2,(paper cert): Staff of Swarming Insects,,,,,,,,FALSE,TRUE,Loading...
DDEX03-04,It's All in the Blood,8,11-16,T3,(paper cert): Ioun Stone of Regeneration,,,,,,,,FALSE,FALSE,Loading...
DDEX03-05,Bane of the Tradeways,2,1-4,T1,(paper cert): +1 Shield,,,,,,,,TRUE,FALSE,#ERROR!
DDEX03-06,No Foolish Matter,2,1-4,T1,(paper cert): Pipes of the Sewers,,,,,,,,TRUE,FALSE,Loading...
DDEX03-07,Herald of the Moon,4,5-10,T2,(paper cert): Shadowsong (Oathbow),,,,,,,,FALSE,TRUE,Loading...
DDEX03-08,The Malady of Elventree,4,5-10,T2,(paper cert): Alchemy Jug,,,,,,,,FALSE,TRUE,Loading...
DDEX03-09,The Waydown,4,5-10,T2,(paper cert): Canaith Mandolin,,,,,,,,FALSE,TRUE,Loading...
DDEX03-10,Quelling the Horde,4,1-4,T1,(paper cert): Wand of the War Mage +1,,,,,,,,FALSE,TRUE,Loading...
DDEX03-11,The Quest for Sporedome,2,5-10,T2,(paper cert): Half-Plate of Poison Resistance,,,,,,,,TRUE,FALSE,Loading...
DDEX03-12,Hillsfar Reclaimed,2,1-4,T1,(paper cert): Eyes of Minute Seeing,,,,,,,,TRUE,FALSE,Loading...
DDEX03-13,Writhing in the Dark,2,5-10,T2,(paper cert): +2 Rod of the Pact Keeper,,,,,,,,TRUE,FALSE,Loading...
DDEX03-14,Death on the Wall,2,1-4,T1,(paper cert): Bracers of Archery,,,,,,,,TRUE,FALSE,Loading...
DDEX03-15,Szith Morcane Unbound,4,5-10,T2,(paper cert): Ring of Protection,,,,,,,,FALSE,TRUE,#ERROR!
DDEX03-16,Assault on Maerimydra,8,11-16,T3,"(paper cert): robe of stars, demon armor"," qstaff +1, sbow +1",,,,,,,FALSE,FALSE,Loading...
DDHC-CoS,Curse of Strahd,HC,1-10,"T1,T2",,,,,,,,,FALSE,FALSE,Loading...
DDHC-DIA,Baldur's Gate: Descent into Avernus,HC,1-13,"T1,T2,T3",,,,,,,,,FALSE,FALSE,Loading...
DDHC-DIA-P,"Baldur’s Gate: Descent into Avernus, Platinum Edition",HC,1-13,"T1,T2,T3",,,,,,,,,FALSE,FALSE,#ERROR!
DDHC-DMM,Dungeon of the Mad Mage,HC,5-20,"T2,T3,T4",,,,,,,,,FALSE,FALSE,Loading...
DDHC-HotDQ,Hoard of the Dragon Queen,HC,1-7,"T1,T2",(paper cert): many many,,,,,,,,FALSE,FALSE,Loading...
DDHC-LMoP,Lost Mine of Phandelver,HC,1-4,T1,(paper cert): many many,,,,,,,,FALSE,FALSE,Loading...
DDHC-LR,Locathah Rising,HC,5-10,T2,mandatory pregens,,,,,,,,FALSE,FALSE,Loading...
DDHC-MORD-01,Riddle of the Raven Queen,HC,5-10,T2,,,,,,TRUE,,,FALSE,FALSE,Loading...
DDHC-MORD-02,The Lich-Queen's Begotten,HC,11-16,T3,,,,,,TRUE,,,FALSE,FALSE,Loading...
DDHC-MORD-03,To Wake the Leviathan,HC,11-16,T3,,,,,,TRUE,,,FALSE,FALSE,Loading...
DDHC-MORD-04,Pudding Faire,HC,1-4,T1,,,,,,TRUE,,,FALSE,FALSE,Loading...
DDHC-MORD-05,Escape from Wheloon,HC,1-4,T1,Pregens,,,,,TRUE,,,FALSE,FALSE,Loading...
DDHC-OotA,Out of the Abyss,HC,1-15,"T1,T2,T3",,,,,,,,,FALSE,FALSE,Loading...
DDHC-PotA,Princes of the Apocalypse,HC,1-15,"T1,T2,T3",,,,,,,,,FALSE,FALSE,Loading...
DDHC-RoT,Rise of Tiamat,HC,8-15,"T2,T3",(no cert): many many,,,,,,,,FALSE,FALSE,Loading...
DDHC-SKT,Storm King's Thunder,HC,1-10,"T1,T2",(no cert): many many,,,,,,,,FALSE,FALSE,Loading...
DDHC-ToA,Tomb of Annihilation,HC,1-15,"T1,T2,T3",(no cert): many many,,,,,,,,FALSE,FALSE,Loading...
DDHC-TOA-10,Ruins of Hisari - Adventure,HC,11-16,T3,,,,,,TRUE,,,FALSE,FALSE,Loading...
DDHC-TOA-11,Hunter,HC,1-4,T1,,,,,,TRUE,,,FALSE,FALSE,Loading...
DDHC-TOA-12,Encounters in the Jungles of Chult,HC,n/a,n/a,,,,,,TRUE,,,FALSE,FALSE,Loading...
DDHC-TOA-13,The Risen Mists,HC,11-16,T3,,,,,,TRUE,,,FALSE,FALSE,Loading...
DDHC-TOA-14,Xanathar's Lost Notes to Everything Else,HC,1-4,T1,,,,,,TRUE,,,FALSE,FALSE,Loading...
DDHC-TOA-15,Maze of Shadows,HC,11-16,T3,,,,,,TRUE,,,FALSE,FALSE,#ERROR!
DDHC-TOA-2 ,The Complete Tortle Package,4,1-4,T1,,,,,,,,,FALSE,TRUE,Loading...
DDHC-TOA-3,Beast of the Jungle Rot,n/a,n/a,n/a,,,,,,TRUE,,,FALSE,FALSE,#ERROR!
DDHC-TOA-4,Cellar of Death,HC,1-4,T1,,,,,,TRUE,,,FALSE,FALSE,Loading...
DDHC-TOA-5,Encounters in Port Nyanzaru,HC,1-10,"T1,T2",,,,,,TRUE,,,FALSE,FALSE,Loading...
DDHC-TOA-6,Heart of the Wild - Lost City of Mezro,HC,5-10,T2,,,,,,TRUE,,,FALSE,FALSE,Loading...
DDHC-TOA-7,Ruins of Mezro,HC,1-16,"T1,T2,T3",,,,,,TRUE,,,FALSE,FALSE,Loading...
DDHC-TOA-8,Return of the Lizard King,HC,1-4,T1,,,,,,TRUE,,,FALSE,FALSE,Loading...
DDHC-TOA-9,Ruins of Matolo -  Discovery,HC,5-10,T2,,,,,,TRUE,,,FALSE,FALSE,Loading...
DDHC-TYP,Tales from the Yawning Portal,HC,1-15,"T1,T2,T3",,,,,,,,,FALSE,FALSE,Loading...
DDHC-TYP-A,The Sunless Citadel,HC,1-4,T1,,,,,,,,,FALSE,FALSE,Loading...
DDHC-TYP-B,Forge of Fury,HC,1-4,T1,,,,,,,,,FALSE,FALSE,Loading...
DDHC-TYP-C,Hidden Shrine of Tamoachan ,HC,5-10,T2,,,,,,,,,FALSE,FALSE,Loading...
DDHC-TYP-D,White Plume Mountain,HC,5-10,T2,,,,,,,,,FALSE,FALSE,Loading...
DDHC-TYP-E,Dead in Thay,HC,5-10,T2,,,,,,,,,FALSE,FALSE,Loading...
DDHC-TYP-F,Against the Giants ,HC,11-16,T3,,,,,,,,,FALSE,FALSE,Loading...
DDHC-TYP-G,Tomb of Horrors,HC,11-16,T3,,,,,,,,,FALSE,FALSE,Loading...
DDHC-WDH,Waterdeep: Dragon Heist,HC,1-5,T1.T2,,,,,,,,,FALSE,FALSE,Loading...
DDHC-WDH-01,Waterdeep - City Encounters,HC,1-4,T1,,,,,,TRUE,,,FALSE,FALSE,Loading...
DDHC-WDH-02,Unseen Waterdeep,HC,1-4,T1,,,,,,TRUE,,,FALSE,FALSE,Loading...
DDHC-WDH-03,Blue Alley,HC,1-4,T1,,,,,,TRUE,,,FALSE,FALSE,Loading...
DDHC-WDH-04,Durnan's Guide to Tavernkeeping,HC,n/a,T1,,,,,,TRUE,,,FALSE,FALSE,Loading...
DDHC-WDH-P,"Waterdeep: Dragon Heist, Platinum Edition",HC,1-5,T1.T2,,,,,,,,,FALSE,FALSE,Loading...
DDHC-XGE-01,Rats of Waterdeep,HC,1-4,T1,,,,,,TRUE,,,FALSE,FALSE,Loading...
DDHC00-DoIP,Dragon of Icespire Peak,HC,1-6,"T1,T2",,,,,,,,,FALSE,FALSE,Loading...
DDHC00-GSM,Ghosts of Saltmarsh,HC,1-16,"T1,T2,T3",,,,,,,,,FALSE,FALSE,Loading...
DDHC00-GSM-S,Ghosts of Saltmarsh: Sinister Silver Edition,HC,1-16,"T1,T2,T3",,,,,,,,,FALSE,FALSE,Loading...
DDIA-04,Death House,HC,1-4,T1,"--exist, provide link--",,,,,,,,FALSE,FALSE,Loading...
DDIA-05,A Great Upheaveal,Various,1-4,T1,"--exist, provide link--",,,,,,,,FALSE,FALSE,Loading...
DDIA-MORD,Rrakkma,6-8,pregens (9),Special,Chaos Curio (Included in Mod),,,,,,,,FALSE,TRUE,Loading...
DDIA-VOLO,In Volo's Wake,1,1-4,T1,(no cert): many many,,,,,,,,TRUE,TRUE,Loading...
DDIA-XGE,Underworld Speculation,Various,1-4,T1,Certs in PDF - many,,,,,,,,FALSE,FALSE,Loading...
DDIA06-SUNLESSCITADEL,The Sunless Citadel,Various,1-4,T1,"--exist, provide link--",,,,,,,,FALSE,FALSE,Loading...
RMH-01,The Final Curtain,3,1,T1,,,,,,,,TRUE,FALSE,TRUE,Loading...
RMH-02,Back to the Front,3,3,T1,,,,,,,,TRUE,FALSE,TRUE,Loading...
RMH-03,The Amber Dirge,3,4,T1,,,,,,,,TRUE,FALSE,TRUE,#ERROR!
RMH-04,The Amber Secret,3,4,T1,,,,,,,,TRUE,FALSE,TRUE,Loading...
RMH-05,Unexpected Hospitality,3,5,T2,,,,,,,,TRUE,FALSE,TRUE,Loading...
RMH-06,Amber Reclamation,3,5,T2,,,,,,,,TRUE,FALSE,TRUE,Loading...
RMH-07,The City Of Dreams,3,6,T2,,,,,,,,TRUE,FALSE,TRUE,Loading...
RMH-08,The Palace Of Bones,3,6,T2,,,,,,,,TRUE,FALSE,TRUE,Loading...
RMH-09,The Deadliest Game,3,6,T2,,,,,,,,TRUE,FALSE,TRUE,Loading...
RMH-10,Scion Of Darkness,3,7,T2,,,,,,,,TRUE,FALSE,TRUE,Loading...
RMH-11,Calling Upon the Dead,3,7,T2,,,,,,,,TRUE,FALSE,TRUE,Loading...
RMH-12,Beneath the New Star,3,7,T2,,,,,,,,TRUE,FALSE,TRUE,Loading...
RMH-EP-01,The Grand Masquerade,4,1,T1,,,,,TRUE,,,TRUE,FALSE,TRUE,Loading...
RMH-EP-02,A Darklord's Denouement,4,8,T2,,,,,TRUE,,,TRUE,FALSE,TRUE,Loading...
DC-POA-A Dragon Heart,A Dragon Heart,4,,T1,,,,,,,,,FALSE,TRUE,#ERROR!
DC-POA-AMAK01,My Loneliness is Killing You,4,,T1,,,,,,,,,FALSE,TRUE,Loading...
DC-POA-AOT01-01,Counteroffer,4,,T1,,,,,,,,,FALSE,TRUE,#ERROR!
DC-POA-AOT01-02,Northern Democracy,4,,T1,,,,,,,,,FALSE,TRUE,Loading...
DC-POA-AOT01-03,Dead King's Court,4,,T1,,,,,,,,,FALSE,TRUE,Loading...
DC-POA-CBB-01,Twirling Towards Oblivion,4,,T1,,,,,,,,,FALSE,TRUE,Loading...
DC-POA-CBB-02,Avarice Everlasting,4,,T1,,,,,,,,,FALSE,TRUE,Loading...
DC-POA-CBB-03,The Menagerie of Count Zapharry,4,,T2,,,,,,,,,FALSE,TRUE,Loading...
DC-POA-CBB-04,Cossum's Universal Constructs,4,,T2,,,,,,,,,FALSE,TRUE,Loading...
DC-POA-CBB-05,Menace At The Strandwolf Peaks,4,,T2,,,,,,,,,FALSE,TRUE,Loading...
DC-POA-CBB-06,The Mystery of Mendax The Menacing,4,,T2,,,,,,,,,FALSE,TRUE,Loading...
DC-POA-CD-01,Icedawn Over Ten Trail,4,,T1,,,,,,,,,FALSE,TRUE,Loading...
DC-POA-CG-1-1,Punishment for Pride,4,,T1,,,,,,,,,FALSE,TRUE,Loading...
DC-POA-CJK,Gnome Place Like Home: Adventures in Icewind Dalecare,4,,T2,,,,,,,,,FALSE,TRUE,Loading...
DC-POA-CODEX-01,Bear the Lode,4,,T1,,,,,,,,,FALSE,TRUE,Loading...
DC-POA-CODEX-02,Bear In Mind,4,,T1,,,,,,,,,FALSE,TRUE,Loading...
DC-POA-CODEX-03,Bring to Bear,4,,T2,,,,,,,,,FALSE,TRUE,Loading...
DC-POA-CONMAR-01,Something Sinister,2-4,,T1,,,,,,,,,FALSE,TRUE,Loading...
DC-POA-CONMAR-02,Put That Thing Right Back,4,,T1,,,,,,,,,FALSE,TRUE,Loading...
DC-POA-CONMAR-03,Unfrozen,2-4,,T1,,,,,,,,,FALSE,TRUE,Loading...
DC-POA-CONMAR-04,Midwinter Celebrations,4,,T2,,,,,,,,,FALSE,TRUE,Loading...
DC-POA-CONMAR-05,Need An Exscissorcism?,4,,T1,,,,,,,,,FALSE,TRUE,Loading...
DC-POA-CONMAR-06,The Codmothers,4,,T2,,,,,,,,,FALSE,TRUE,Loading...
DC-POA-CONMAR-07,Counting Kobolds,4,,T1,,,,,,,,,FALSE,TRUE,Loading...
DC-POA-CONMAR-08,The Importance of Being Idol,4,,T1,,,,,,,,,FALSE,TRUE,Loading...
DC-POA-CONMAR-09,That's a lot of Kobolds,4,,T1,,,,,,,,,FALSE,TRUE,Loading...
DC-POA-CONMAR-10,Who Let the Kobolds Out?,4,,T2,,,,,,,,,FALSE,TRUE,Loading...
DC-POA-CONMAR-11,The Dragonship Approaches,4,,T2,,,,,,,,,FALSE,TRUE,#ERROR!
DC-POA-CONMAR-12,Strike-Out in Skrållahie,4,,T2,,,,,,,,,FALSE,TRUE,Loading...
DC-POA-CONMAR-13,Finding Harthin,4,,T2,,,,,,,,,FALSE,TRUE,Loading...
DC-POA-CONMAR-14,Seal Team Sticks,4,,T1,,,,,,,,,FALSE,TRUE,Loading...
DC-POA-CONMAR-15,A Grim Tale at Winter Solsice,4,,T1,,,,,,,,,FALSE,TRUE,Loading...
DC-POA-CONMAR-16,Iceberg Dead Ahead,4,,T2,,,,,,,,,FALSE,TRUE,Loading...
DC-POA-CONMAR-17,Unrelenting,4,,T1,,,,,,,,,FALSE,TRUE,Loading...
DC-POA-CONMAR-18,The Nightshade Sinners,4,,T2,,,,,,,,,FALSE,TRUE,Loading...
DC-POA-CONMAR-19,Wherever I May Float,4,,T2,,,,,,,,,FALSE,TRUE,Loading...
DC-POA-CONMAR-21,For My People,4,,T1,,,,,,,,,FALSE,TRUE,Loading...
DC-POA-COULEE21-01,The Frozen Snipe,4,,T1,,,,,,,,,FALSE,TRUE,Loading...
DC-POA-COULEE21-02,Driven Like the Snow,4,,T1,,,,,,,,,FALSE,TRUE,Loading...
DC-POA-COULEE21-03,Beasts of Burden,4,,T1,,,,,,,,,FALSE,TRUE,Loading...
DC-POA-COULEE21-04,A Snipe in the Hand Is Worth Two Headaches,4,,T1,,,,,,,,,FALSE,TRUE,Loading...
DC-POA-CTH1,Roused by Raiders,2,,T2,,,,,,,,,TRUE,FALSE,Loading...
DC-POA-CTH2,Searching for a Shorebird,2,,T1,,,,,,,,,TRUE,FALSE,#ERROR!
DC-POA-DCAF01,Let It Goat,4,,T1,,,,,,,,,FALSE,TRUE,Loading...
DC-POA-DCAF03,Sputtering Out,2,,T1,,,,,,,,,TRUE,FALSE,Loading...
DC-POA-DCAF04,A Macabre Nightal,2-4,,T1,,,,,,,,,FALSE,TRUE,Loading...
DC-POA-DCAF05,Head In The Clouds,2,,T1,,,,,,,,,TRUE,FALSE,Loading...
Dc-POA-DCAF06,A Front On Frost,2-4,,T2,,,,,,,,,FALSE,TRUE,Loading...
DC-POA-DCAF07,I'm In Your Arms,4,,T2,,,,,,,,,FALSE,TRUE,Loading...
DC-POA-DCAF08,The Big Ticket,2-4,,T2,,,,,,,,,FALSE,TRUE,Loading...
DC-POA-DCAF09,An Ascent to Recall,4,,T2,,,,,,,,,FALSE,TRUE,Loading...
DC-POA-DCAF10,The Lute Run,4,,T2,,,,,,,,,FALSE,TRUE,#ERROR!
DC-POA-DCAF11,Icing a Song,4,,T2,,,,,,,,,FALSE,TRUE,Loading...
DC-POA-DCAFCG01,Catastrophe Caravan,2,,T2,,,,,,,,,TRUE,FALSE,Loading...
DC-POA-DES-05A,Land of Ice and Snow,4,,T1,,,,,,,,,FALSE,TRUE,Loading...
DC-POA-DES-05B,Drive Our Ships to New Lands,4,,T1,,,,,,,,,FALSE,TRUE,Loading...
DC-POA-DES-05C,We Calmed the Tides of War,4,,T1,,,,,,,,,FALSE,TRUE,Loading...
DC-POA-DES-05D,Rebuild All Your Ruins,4,,T1,,,,,,,,,FALSE,TRUE,Loading...
DC-POA-DOBU-01-01,Beneath a Stony Stump,4,,T1,,,,,,,,,FALSE,TRUE,Loading...
DC-POA-DR001,The Great Chwinga Roundup,4,,T1,,,,,,,,,FALSE,TRUE,#ERROR!
DC-POA-DRAGON-01,Adventures in Babysitting,4,,T2,,,,,,,,,FALSE,TRUE,Loading...
DC-POA-DRAGON-02,Hearing the Call,4,,T2,,,,,,,,,FALSE,TRUE,Loading...
DC-POA-DRAGON-03,Battlefield of the Mind,4,,T2,,,,,,,,,FALSE,TRUE,Loading...
DC-POA-DUCKS-OS-02,Are you open-minded?,2,,T1,,,,,,,,,TRUE,FALSE,Loading...
DC-POA-EBAL-TT1,Bru in Trouble,4,,T2,,,,,,,,,FALSE,TRUE,Loading...
DC-POA-EH-1,Horsing Around,4,,T1,,,,,,,,,FALSE,TRUE,Loading...
DC-POA-EK-WC01,Wilderness Childcare,4,,T1,,,,,,,,,FALSE,TRUE,Loading...
DC-POA-EPO-1,A Garden in the North,2,,T1,,,,,,,,,TRUE,FALSE,Loading...
DC-POA-EPO-2,The Lighthouse of Graybill,4,,T1,,,,,,,,,FALSE,TRUE,Loading...
DC-POA-GARYXIII-01,"Little Feet, Cold Nights",4,,T2,,,,,,,,,FALSE,TRUE,Loading...
DC-POA-GARYXIII-02,A New Place to Call Home,4,,T2,,,,,,,,,FALSE,TRUE,Loading...
DC-POA-GARYXIII-03,Personal Fouls and Penalties,4,,T2,,,,,,,,,FALSE,TRUE,#ERROR!
DC-POA-GARYXIII-04,"As Above, So Below",4,,T2,,,,,,,,,FALSE,TRUE,Loading...
DC-POA-GARYXIII-05,Shard of Hope,4,,T2,,,,,,,,,FALSE,TRUE,Loading...
DC-POA-GHL-01,Cold Diggers,4,,T1,,,,,,,,,FALSE,TRUE,Loading...
DC-POA-GSP01-01,A Wolf's Whisper,4,,T1,,,,,,,,,FALSE,TRUE,Loading...
DC-POA-GSP01-02,Crypt of the Mind Flayers,4,,T1,,,,,,,,,FALSE,TRUE,Loading...
DC-POA-GSP02-01H,The Arrival of Mr. Sorrow,2,,T1,,,,,,,,,TRUE,FALSE,Loading...
DC-POA-GSP02-02H,The Priest of Caer-Dineval,2,,T1,,,,,,,,,TRUE,FALSE,Loading...
DC-POA-GSP02-03H,That Ain't Mead,2,,T1,,,,,,,,,TRUE,FALSE,Loading...
DC-POA-GSP02-04H,The Horror Sphere,2,,T1,,,,,,,,,TRUE,FALSE,#ERROR!
DC-POA-GSP03-01,The Missing Link,4,,T1,,,,,,,,,FALSE,TRUE,Loading...
DC-POA-GSP03-02,Lost in the Woods,4,,T1,,,,,,,,,FALSE,TRUE,Loading...
DC-POA-HAG-SF4,Failing You,2,,T2,,,,,,,,,TRUE,FALSE,Loading...
DC-POA-HARM-01-01,First Time for Everything,4,,T1,,,,,,,,,FALSE,TRUE,Loading...
DC-POA-HARM-01-02,Time Flies When You’re Delving Dungeons,4,,T1,,,,,,,,,FALSE,TRUE,Loading...
DC-POA-HARM-01-03,Killing Time,4,,T1,,,,,,,,,FALSE,TRUE,Loading...
DC-POA-ICE01-01,A Fateful Meading,2,,T1,,,,,,,,,TRUE,FALSE,#ERROR!
DC-POA-INAS-01,Beauty and the Mead,4,,T1,,,,,,,,,FALSE,TRUE,Loading...
DC-POA-INAS-02,Left Behind,4,,T2,,,,,,,,,FALSE,TRUE,Loading...
DC-POA-INGH-01,A Hot Time in the Cold Town Tonight,4,,T1,,,,,,,,,FALSE,TRUE,Loading...
DC-POA-JAT-01,Ice to Mead You,4,,T1,,,,,,,,,FALSE,TRUE,Loading...
DC-POA-JAT-02,More Than a Stealing,4,,T1,,,,,,,,,FALSE,TRUE,Loading...
DC-POA-JAT-03,Two Kobolds in a Trench Coat,4,,T1,,,,,,,,,FALSE,TRUE,Loading...
DC-POA-JAT-04,The Enemy Mine,4,,T1,,,,,,,,,FALSE,TRUE,Loading...
DC-POA-JCDC-01,Honey... Where's The Money?,4,,T1,,,,,,,,,FALSE,TRUE,Loading...
DC-POA-JGD-05,Shadows Under Ice,4,,T1-T3,,,,,,,,,FALSE,TRUE,Loading...
DC-POA-JL01,Horror Beneath the Frost,4,,T2,,,,,,,,,FALSE,TRUE,Loading...
DC-POA-JTAID,Journey to Adventure: Icewind Dale,2,,T1,,,,,,,,,TRUE,FALSE,Loading...
DC-POA-KCB-01,The Lady of the Maer,4,,T1,,,,,,,,,FALSE,TRUE,Loading...
DC-POA-KCB-02,Big,4,,T1,,,,,,,,,FALSE,TRUE,Loading...
DC-POA-KCB-MBL,The Stolen Curse,4,,T1,,,,,,,,,FALSE,TRUE,Loading...
DC-POA-KJ2108,The Needs of the Many,4,,T1,,,,,,,,,FALSE,TRUE,Loading...
DC-POA-KW-01,The Grand Estate,4,,T1,,,,,,,,,FALSE,TRUE,Loading...
DC-POA-LEGIT-CIPH-01,A Bump in the Night,4,,T1,,,,,,,,,FALSE,TRUE,Loading...
DC-POA-LEGIT-SV-01,The Coldlight Star,4,,T1,,,,,,,,,FALSE,TRUE,Loading...
DC-POA-LEGIT-SV-02,The Shape of Silence,4,,T1,,,,,,,,,FALSE,TRUE,Loading...
DC-POA-LEGIT-SV-03,The Beggar's Blood,4,,T1,,,,,,,,,FALSE,TRUE,Loading...
DC-POA-LEXI-01,Don't Wake Yeti,4,,T2,,,,,,,,,FALSE,TRUE,Loading...
DC-POA-LIGA-01,The Forsaken Brewery,4,,T1,,,,,,,,,FALSE,TRUE,#ERROR!
DC-POA-MB-01,Pit of Bones,4,,T2,,,,,,,,,FALSE,TRUE,Loading...
DC-POA-MCIW-01,Icewind Whale,2,,T1,,,,,,,,,TRUE,FALSE,Loading...
DC-POA-MCWWS-02,"Wine, Wizards and Song",4,,T1,,,,,,,,,FALSE,TRUE,Loading...
DC-POA-MDV01,Haven (Isn't too far Away),2,,T1,,,,,,,,,TRUE,FALSE,Loading...
DC-POA-NB-01,Iruladoon Awakens,4,,T1,,,,,,,,,FALSE,TRUE,Loading...
DC-POA-NBDD-01,"Ice, Ice, Birdie",4,,T2,,,,,,,,,FALSE,TRUE,Loading...
DC-POA-NN01-01,Where Are Yew,4,,T1,,,,,,,,,FALSE,TRUE,Loading...
DC-POA-PESCH-01,To Appease Hunger,2-4,,T1,,,,,,,,,FALSE,TRUE,Loading...
DC-POA-PJE-01,Ragdoll Nightmare,2-4,,T1,,,,,,,,,FALSE,TRUE,Loading...
DC-POA-PM01,Adventures in babysitting squids,4,,T2,,,,,,,,,FALSE,TRUE,Loading...
DC-POA-PM02,Playtime in the Ten-Towns,4,,T1,,,,,,,,,FALSE,TRUE,Loading...
DC-POA-PM03,Mindless Digging,2,,T1,,,,,,,,,TRUE,FALSE,#ERROR!
DC-POA-PM04,Losing your Mind,2,,T1,,,,,,,,,TRUE,FALSE,Loading...
DC-POA-PM05,Can You Tell Me How To Get To Easthaven Way?,2,,T1,,,,,,,,,TRUE,FALSE,Loading...
DC-POA-PM07,I Would Like to Make a Return,2,,T1,,,,,,,,,TRUE,FALSE,Loading...
DC-POA-PND-1,Someone Dropped the Goat-Ball,4,,T2,,,,,,,,,FALSE,TRUE,Loading...
DC-POA-PND-2,What Skitters Beneath?,2,,T1,,,,,,,,,TRUE,FALSE,Loading...
DC-POA-PND-3,The Watcher in the Attic,2,,T1,,,,,,,,,TRUE,FALSE,Loading...
DC-POA-PND-4,Eateat Go Home?,2,,T2,,,,,,,,,TRUE,FALSE,Loading...
DC-POA-PND-5,What Stalks the Night?,2,,T2,,,,,,,,,TRUE,FALSE,Loading...
DC-POA-RED-01,Chwingatown,2,,T1,,,,,,,,,TRUE,FALSE,#ERROR!
DC-POA-RH01,The Chronographers Curse,2,,T1,,,,,,,,,TRUE,FALSE,Loading...
DC-POA-ROBIN-01-1,The Taming of the Chwinga,4,,T1,,,,,,,,,FALSE,TRUE,Loading...
DC-POA-ROG-1,The Frozen Path To Easthaven,4,,T2,,,,,,,,,FALSE,TRUE,Loading...
DC-POA-ROG-2,The Cold Eyes of Terror,4,,T1,,,,,,,,,FALSE,TRUE,Loading...
DC-POA-ROG-3,The Last Refuge of Spring,4,,T2,,,,,,,,,FALSE,TRUE,Loading...
DC-POA-SAD-ODW,Out of the Dark Woods,4,,T2,,,,,,,,,FALSE,TRUE,Loading...
DC-POA-SFG01,Tomb of the Banished Thane,4,,T1,,,,,,,,,FALSE,TRUE,Loading...
DC-POA-SH01,Escape from Murder Valley,4,,T2,,,,,,,,,FALSE,TRUE,Loading...
DC-POA-SN-01,The Rider in Black,4,,T1,,,,,,,,,FALSE,TRUE,Loading...
DC-POA-SN-02,The Ruins of Balors Reach,4,,T1,,,,,,,,,FALSE,TRUE,Loading...
DC-POA-SNIPE-01,The Ski Chalet of Artor Morlin,4,,T1,,,,,,,,,FALSE,TRUE,Loading...
DC-POA-SSM-01,Among the Conifers,4,,T2,,,,,,,,,FALSE,TRUE,Loading...
DC-POA-SUNLIT-01,A Thief in the White,2,,T1,,,,,,,,,TRUE,FALSE,#ERROR!
DC-POA-SUNLIT-02,Dug Too Deep?,2-4,,T1,,,,,,,,,FALSE,TRUE,Loading...
DC-POA-SUNLIT-03,A Solstice Tradition,4,,T1,,,,,,,,,FALSE,TRUE,Loading...
DC-POA-TCW-ACW-1,First Blood,4,,T2,,,,,,,,,FALSE,TRUE,Loading...
DC-POA-TCW-ACW-2,A Cry For Help,4,,T2,,,,,,,,,FALSE,TRUE,Loading...
DC-POA-TCW-ACW-3,Written In Blood,4,,T2,,,,,,,,,FALSE,TRUE,Loading...
DC-POA-TCW-ACW-4,A Sword in the Stone,4,,T2,,,,,,,,,FALSE,TRUE,Loading...
DC-POA-TCW-ACW-5,A Thousand Years Lost,4,,T2,,,,,,,,,FALSE,TRUE,Loading...
DC-POA-TDG01-01,Wayward Beginnings,4,,T1,,,,,,,,,FALSE,TRUE,Loading...
DC-POA-TDG01-02,Blood Hunters,4,,T1,,,,,,,,,FALSE,TRUE,Loading...
DC-POA-TDG01-03,The Wendigo,4,,T1,,,,,,,,,FALSE,TRUE,Loading...
DC-POA-TDG01-04,Despair In The Family,4,,T1,,,,,,,,,FALSE,TRUE,Loading...
DC-POA-TDG01-05,Curse of Slaad,4,,T2,,,,,,,,,FALSE,TRUE,Loading...
DC-POA-TDG01-06,Dale Rangers,4,,T2,,,,,,,,,FALSE,TRUE,Loading...
DC-POA-TDG01-07,Rage of the Rime,4,,T2,,,,,,,,,FALSE,TRUE,Loading...
DC-POA-TDG01-08,Mountain of Madness,4,,T2,,,,,,,,,FALSE,TRUE,Loading...
DC-POA-TDG01-09,Wyrm Walkers,4,,T2,,,,,,,,,FALSE,TRUE,Loading...
DC-POA-TDG01-10,Endgame of the Elder Evils,4,,T2,,,,,,,,,FALSE,TRUE,Loading...
DC-POA-TDG01-11,DaleVision,4,,T2,,,,,,,,,FALSE,TRUE,Loading...
DC-POA-TLOH-01,The Light of Hope,4,,T2,,,,,,,,,FALSE,TRUE,Loading...
DC-POA-TTP01-01,The Voice Bringer,4,,T1,,,,,,,,,FALSE,TRUE,Loading...
DC-POA-VAN-MT-01,The Thief's Gambit,4,,T1,,,,,,,,,FALSE,TRUE,Loading...
DC-POA-VID-01,The Hex of the Horn,4,,T1,,,,,,,,,FALSE,TRUE,Loading...
DC-POA-WC-01,Love Finds a Way,4,,T1,,,,,,,,,FALSE,TRUE,Loading...
DC-POA-WC-02,Library of Lost Books,4,,T1,,,,,,,,,FALSE,TRUE,Loading...
DC-POA-WI-DD-02,Delving in the Dale,2-4,,T1,,,,,,,,,FALSE,TRUE,Loading...
DC-POA-WI-TTT-01,Wailing Ice: Trouble and Turmoil in Termalaine,2-4,,T1,,,,,,,,,FALSE,TRUE,Loading...
DC-POA-Z-T1S1,Auril's Worship,4,,T1,,,,,,,,,FALSE,TRUE,Loading...
DC-POA-Z-T1S3,Oh Brother Where Art Thou?,2,,T1,,,,,,,,,TRUE,FALSE,Loading...
DC-POA-Z-T2S1,You Have a Friend in Me,4,,T2,,,,,,,,,FALSE,TRUE,Loading...
DC-POA-Z-T2S2,Iggy’s Folly,4,,T2,,,,,,,,,FALSE,TRUE,Loading...
DC-POA-ZF01,Undisclosed Ordeals,4,,T1,,,,,,,,,FALSE,TRUE,Loading...
DC-POA-ZL-01,Ogre Krush,4,,T2,,,,,,,,,FALSE,TRUE,Loading...
DX-POA-OGG-01,Where Good Adventurers Go to Die,4,,T1,,,,,,,,,FALSE,TRUE,Loading...
DX-POA-OGG-02,Judge and Jury,4,,T2,,,,,,,,,FALSE,TRUE,Loading...
DC-WBW-DES-01-07,The Dark Thread,4,,2,,,,,,,,,FALSE,TRUE,Loading...
DC-WBW-DES-01-08,The Cathedral of the Fomorian Hierophant,4,,2,,,,,,,,,FALSE,TRUE,Loading...
DC-WBW-DES-01-09,Strahd Must Die!,4,,2,,,,,,,,,FALSE,TRUE,Loading...
WBW-CD-DREA-01,The Nightmare of Dreams,4,,2,,,,,,,,,FALSE,TRUE,Loading...
WBW-DC-AA-ASHALON-01,Beneath the Eternal Glacier,4,,2,,,,,,,,,FALSE,TRUE,Loading...
WBW-DC-AA-ASHALON-02,Under the Cover of Stars,4,,2,,,,,,,,,FALSE,TRUE,#ERROR!
WBW-DC-ABC-01,One Last Time,2,,2,,,,,,,,,TRUE,FALSE,Loading...
WBW-DC-AEG-01,Why aren't we changing?,4,,2,,,,,,,,,FALSE,TRUE,Loading...
WBW-DC-AEG-02,Making Changes,4,,2,,,,,,,,,FALSE,TRUE,Loading...
WBW-DC-AH-01,Afraid of the Dark,4,,2,,,,,,,,,FALSE,TRUE,#ERROR!
WBW-DC-AMQ-01,Feywild Name Giver,4,,1,,,,,,,,,FALSE,TRUE,Loading...
WBW-DC-AMQ-02,Feywild Robbery,4,,1,,,,,,,,,FALSE,TRUE,Loading...
WBW-DC-AMQ-03,Feywild Trial,4,,1,,,,,,,,,FALSE,TRUE,Loading...
WBW-DC-AMQ-04,Brew me a favor,2,,2,,,,,,,,,TRUE,FALSE,Loading...
WBW-DC-AMQ-05,The Dungeon of Smelly Doom,4,,2,,,,,,,,,FALSE,TRUE,Loading...
WBW-DC-ANDL-01,The Petrified Forest,4,,2,,,,,,,,,FALSE,TRUE,Loading...
WBW-DC-ANDL-02,The Bleeding Veil,4,,2,,,,,,,,,FALSE,TRUE,Loading...
WBW-DC-ANDL-03,The Crossings of Fate,4,,2,,,,,,,,,FALSE,TRUE,Loading...
WBW-DC-ARCON-01,The Multivertshus,2,,1,,,,,,,,,TRUE,FALSE,Loading...
WBW-DC-ARCON-02,Way of the Wedding,2,,2,,,,,,,,,TRUE,FALSE,#ERROR!
WBW-DC-ARCON-03,A Forest of Memories,2,,1,,,,,,,,,TRUE,FALSE,Loading...
WBW-DC-ARCON-04,The Multivertshus II,2,,1,,,,,,,,,TRUE,FALSE,Loading...
WBW-DC-AUG-01,Last Hour,4,,2,,,,,,,,,FALSE,TRUE,Loading...
WBW-DC-BAG-01,The Flight of the Iron Maiden,4,,1,,,,,,,,,FALSE,TRUE,Loading...
WBW-DC-BERRY-00,Berry Note,2,,2,,,,,,,,,TRUE,FALSE,Loading...
WBW-DC-BIRE-01,Courts and Consequences,4,,1,,,,,,,,,FALSE,TRUE,#ERROR!
WBW-DC-BIRE-02,Clues and Confrontations,4,,1,,,,,,,,,FALSE,TRUE,#ERROR!
WBW-DC-BIRE-03,Conveyance and Closure,4,,1,,,,,,,,,FALSE,TRUE,Loading...
WBW-DC-BIRE-04,Concealment and Convolution,4,,1,,,,,,,,,FALSE,TRUE,Loading...
WBW-DC-BIRE-05,Convalescence and Contagion,4,,2,,,,,,,,,FALSE,TRUE,Loading...
WBW-DC-BIRE-06,Clutter and Contraptions,4,,2,,,,,,,,,FALSE,TRUE,Loading...
WBW-DC-BIRE-07,Convergence and Culmination,4,,2,,,,,,,,,FALSE,TRUE,Loading...
WBW-DC-CBB-01,A Fey King's Ransom,4,,1,,,,,,,,,FALSE,TRUE,Loading...
WBW-DC-CBB-02,Escolar’s Grotto,4,,1,,,,,,,,,FALSE,TRUE,#ERROR!
WBW-DC-CBB-03,The Dragons Hoard of Murkmire Isle,4,,1,,,,,,,,,FALSE,TRUE,Loading...
WBW-DC-CBB-04,Naufrage Atoll,4,,1,,,,,,,,,FALSE,TRUE,Loading...
WBW-DC-CBB-05,A Rainbow For The Storm,4,,2,,,,,,,,,FALSE,TRUE,Loading...
WBW-DC-CBB-06,The Korred Corsair,4,,2,,,,,,,,,FALSE,TRUE,Loading...
WBW-DC-CBB-07,Showdown Above Terror-Pin Reef,4,,2,,,,,,,,,FALSE,TRUE,Loading...
WBW-DC-CBB-08,Paradise In The Tidalbore Isles,4,,2,,,,,,,,,FALSE,TRUE,Loading...
WBW-DC-CG-01,Puzzlement in the Potager,2,,1,,,,,,,,,TRUE,FALSE,Loading...
WBW-DC-CONMAR-01,Many Happy Returns,4,,1,,,,,,,,,FALSE,TRUE,Loading...
WBW-DC-CONMAR-02,Karl Rising,4,,2,,,,,,,,,FALSE,TRUE,Loading...
WBW-DC-CONMAR-03,Ballad of Bullywug Bog,4,,1,,,,,,,,,FALSE,TRUE,Loading...
WBW-DC-CONMAR-04,A Pleasure Cruise,2,,2,,,,,,,,,TRUE,FALSE,#ERROR!
WBW-DC-CONMAR-05,Death by Chocolate,2,,2,,,,,,,,,TRUE,FALSE,Loading...
WBW-DC-CONMAR-06,Two Hearts Apart,4,,2,,,,,,,,,FALSE,TRUE,Loading...
WBW-DC-CONMAR-07,Impelled Reflections,4,,1,,,,,,,,,FALSE,TRUE,Loading...
WBW-DC-CONMAR-08,Wet. Wet? WET!,4,,2,,,,,,,,,FALSE,TRUE,Loading...
WBW-DC-CONMAR-09,Sweet Dreams,2,,1,,,,,,,,,TRUE,FALSE,Loading...
WBW-DC-CONMAR-10,Midsummer Knights,4,,2,,,,,,,,,FALSE,TRUE,#ERROR!
WBW-DC-CONMAR-11,Serenade of Sandy Shore,4,,2,,,,,,,,,FALSE,TRUE,#ERROR!
WBW-DC-CONMAR-12,Dreams of the Wet Wizard,4,,2,,,,,,,,,FALSE,TRUE,Loading...
WBW-DC-CONMAR-13,Losing ConTroll,4,,1,,,,,,,,,FALSE,TRUE,Loading...
WBW-DC-CONMAR-14,Minuet of Misty Mountain,4,,2,,,,,,,,,FALSE,TRUE,Loading...
WBW-DC-CONMAR-15,Salvaging the Story,4,,2,,,,,,,,,FALSE,TRUE,Loading...
WBW-DC-DCAF01,Pixie Dreams,2,,1,,,,,,,,,TRUE,FALSE,Loading...
WBW-DC-DCAF01B,Barangay Bound,2,,1,,,,,,,,,TRUE,FALSE,Loading...
WBW-DC-DCAF02,Harengon Harana,2,,1,,,,,,,,,TRUE,FALSE,Loading...
WBW-DC-DCS-01,Seasons of Blood,4,,2,,,,,,,,,FALSE,TRUE,Loading...
WBW-DC-Death-01,In Defence of Dairy,4,,2,,,,,,,,,FALSE,TRUE,Loading...
WBW-DC-DEN-H1,Pome and Prejudice,4,,2,,,,,,,,,FALSE,TRUE,Loading...
WBW-DC-DEN-H2,Disheartened,4,,1,,,,,,,,,FALSE,TRUE,Loading...
WBW-DC-DGE-01,Underdodge Story,4,,2,,,,,,,,,FALSE,TRUE,#ERROR!
WBW-DC-DGE-02,The Scorpion's Sting,4,,2,,,,,,,,,FALSE,TRUE,Loading...
WBW-DC-DMMC-01,The Solitude of Solace,4,,2,,,,,,,,,FALSE,TRUE,Loading...
WBW-DC-DOBU-01-01,The Little Wish,4,,1,,,,,,,,,FALSE,TRUE,Loading...
WBW-DC-EBAL-MEF0,Misty Edge Heist,2,,1,,,,,,,,,TRUE,FALSE,#ERROR!
WBW-DC-EBAL-MEF1,Misty Edge Falls,4,,1,,,,,,,,,FALSE,TRUE,Loading...
WBW-DC-EBAL-MEF2,Misty Edge Incursion,4,,2,,,,,,,,,FALSE,TRUE,Loading...
WBW-DC-FAB-02,Beyond the Clouds,4,,1,,,,,,,,,FALSE,TRUE,Loading...
WBW-DC-FDC-01,The Ember King,2,,1,Map,Menu,,,,,,,TRUE,FALSE,Loading...
WBW-DC-FDC-03,I Find That Familiar,4,,1,Maps,,,,,,,,FALSE,TRUE,Loading...
WBW-DC-FDC-04,The Monster of Wonderia,2,,1,,,,,,,,,TRUE,FALSE,Loading...
WBW-DC-FDC-05,Crumbling Castles & Candy Clouds,4,,1,,,,,,,,,FALSE,TRUE,Loading...
WBW-DC-FDC-06,The Landscape of Estorian LaFae,2,,1,,,,,,,,,TRUE,FALSE,Loading...
WBW-DC-FDC-07,A Meal to Remember,2,,1,,,,,,,,,TRUE,FALSE,Loading...
WBW-DC-FDC-08,The Great Toy Escape,4,,1,Maps,,,,,,,,FALSE,TRUE,Loading...
WBW-DC-FDC-09,A Stitch in Time,4,,1,,,,,,,,,FALSE,TRUE,Loading...
WBW-DC-FEN-01,Tiddy Mun and the Stranger Stone,2,,1,,,,,,,,,TRUE,FALSE,Loading...
WBW-DC-FEN-02,Tiddy Mun and the Burrow of Bandits,4,,1,,,,,,,,,FALSE,TRUE,Loading...
WBW-DC-FEN-03,Tiddy Mun and the Legends of Fennebog,2,,1,,,,,,,,,TRUE,FALSE,Loading...
WBW-DC-GC14-01,The First Forest,4,,1,,,,,,,,,FALSE,TRUE,Loading...
WBW-DC-GC14-02,Soul of The Forest,4,,1,,,,,,,,,FALSE,TRUE,Loading...
WBW-DC-GC14-03,Of Pumpkins and Promises,4,,1,,,,,,,,,FALSE,TRUE,Loading...
WBW-DC-GC14-04,Peace Talks,4,,1,,,,,,,,,FALSE,TRUE,#ERROR!
WBW-DC-GGS-01,Rescue for Ryeland,4,,2,,,,,,,,,FALSE,TRUE,Loading...
WBW-DC-HAVN-01,The Search for a Cure,4,,2,,,,,,,,,FALSE,TRUE,Loading...
WBW-DC-HBK-1,Phantasmagoria of Drifting Blossoms,4,,1,,,,,,,,,FALSE,TRUE,#ERROR!
WBW-DC-HBK-2,A Song for Hopes and Dreams,4,,1,,,,,,,,,FALSE,TRUE,Loading...
WBW-DC-HF-01,Freed of Feeling,2,,1,,,,,,,,,TRUE,FALSE,Loading...
WBW-DC-HH-01,What is Heroism?,4,,2,,,,,,,,,FALSE,TRUE,#ERROR!
WBW-DC-HH-02,Trial of Flower,4,,2,,,,,,,,,FALSE,TRUE,#ERROR!
WBW-DC-HIP-01,The Song of the Nightingale,4,,1,,,,,,,,,FALSE,TRUE,Loading...
WBW-DC-IDL-01,One For Sorrow,2,,2,,,,,,,,,TRUE,FALSE,Loading...
WBW-DC-IDL-02,Two For Flinching,2,,2,,,,,,,,,TRUE,FALSE,Loading...
WBW-DC-IDL-03,Three For Free,2,,2,,,,,,,,,TRUE,FALSE,Loading...
WBW-DC-JOQ-01,Dancing at Her Funeral,4,,1,,,,,,,,,FALSE,TRUE,Loading...
WBW-DC-JOQ-02,"Mirror, Mirror…",4,,1,,,,,,,,,FALSE,TRUE,Loading...
WBW-DC-JOQ-03,Giant Serenade,4,,1,,,,,,,,,FALSE,TRUE,Loading...
WBW-DC-JOQ-04,Vanishing the Lady,4,,1,,,,,,,,,FALSE,TRUE,Loading...
WBW-DC-JSH-CEL1,Better with Friends,2,,2,,,,,,,,,TRUE,FALSE,Loading...
WBW-DC-JSH-LIB-01,Inter-Library Interception,2,,1,,,,,,,,,TRUE,FALSE,Loading...
WBW-DC-JSH-LIB-02,Search Engine Optimization,4,,1,,,,,,,,,FALSE,TRUE,Loading...
WBW-DC-JSH-LIB-03,Between Covers and Through Tales,4,,1,,,,,,,,,FALSE,TRUE,Loading...
WBW-DC-JSH-LIB-04,Brightly Burn the Flames of Knowledge,4,,2,,,,,,,,,FALSE,TRUE,Loading...
WBW-DC-KCB-01,Sugar Rush,4,,1,,,,,,,,,FALSE,TRUE,Loading...
WBW-DC-KCB-02,Everything's Fine,4,,2,,,,,,,,,FALSE,TRUE,Loading...
WBW-DC-KCB-03,In Vulnerability,2,,2,,,,,,,,,TRUE,FALSE,Loading...
WBW-DC-KCB-05,Fishing in the Dark,2,,1,,,,,,,,,TRUE,FALSE,Loading...
WBW-DC-KW-01,Pinepetal's Petty Pilfering,4,,1,,,,,,,,,FALSE,TRUE,Loading...
WBW-DC-KW-02,Fair Felonious Faces,4,,2,,,,,,,,,FALSE,TRUE,Loading...
WBW-DC-KW-03,Druscilla's Dangerous Day,4,,2,,,,,,,,,FALSE,TRUE,Loading...
WBW-DC-KW-04,Morena's Mysterious Mark,4,,2,,,,,,,,,FALSE,TRUE,Loading...
WBW-DC-KW-05,Heavenly Hare Hunt,4,,2,,,,,,,,,FALSE,TRUE,Loading...
WBW-DC-LAB-01,Kobold King's Labyrinth,4,,1,,,,,,,,,FALSE,TRUE,Loading...
WBW-DC-LEGIT-SV-04,The City of Starlight,4,,1,,,,,,,,,FALSE,TRUE,Loading...
WBW-DC-LEGIT-SV-05,The Inexorable Span,4,,2,,,,,,,,,FALSE,TRUE,#ERROR!
WBW-DC-LEGIT-SV-06,The Calamity Jar,4,,2,,,,,,,,,FALSE,TRUE,Loading...
WBW-DC-LIGA01,Breath on the Run,4,,1,,,,,,,,,FALSE,TRUE,Loading...
WBW-DC-LIGA02,Between one World and Another,4,,1,,,,,,,,,FALSE,TRUE,Loading...
WBW-DC-LIGA03,Clash of Reality,4,,1,,,,,,,,,FALSE,TRUE,Loading...
WBW-DC-LSN-01,The Hat That Spat Rats,4,,1,,,,,,,,,FALSE,TRUE,Loading...
WBW-DC-LSN-02,The Party in a Box,4,,1,,,,,,,,,FALSE,TRUE,Loading...
WBW-DC-LSN-03,That Nice Old Lady,4,,1,,,,,,,,,FALSE,TRUE,Loading...
WBW-DC-LSN-04,Sugar & Spice & Everything Nice,4,,1,,,,,,,,,FALSE,TRUE,Loading...
WBW-DC-LUN-01,Spectacle at Shrineholt,4,,1,,,,,,,,,FALSE,TRUE,#ERROR!
WBW-DC-MC-01,Memento Motus: Séance for the Lost,4,,?,,,,,,,,,FALSE,TRUE,Loading...
WBW-DC-MEM-01,Topology of Memory,4,,1,,,,,,,,,FALSE,TRUE,#ERROR!
WBW-DC-MEM-02,Depths of Recollection,4,,1,,,,,,,,,FALSE,TRUE,#ERROR!
WBW-DC-MEZZ,Take it to the Mezzanine!,4,,2,,,,,,,,,FALSE,TRUE,Loading...
WBW-DC-MIKE-01,"Red Door, Black Heart",4,,1,,,,,,,,,FALSE,TRUE,Loading...
WBW-DC-MIMIC-01,A Day in the Life of a Mimic,4,,2,,,,,,,,,FALSE,TRUE,Loading...
WBW-DC-MOM-01,One Moment,4,,2,,,,,,,,,FALSE,TRUE,Loading...
WBW-DC-MOM-02,One Chance,2,,2,,,,,,,,,TRUE,FALSE,Loading...
WBW-DC-MOR-01,A Blight in Mordynia,4,,1,,,,,,,,,FALSE,TRUE,Loading...
WBW-DC-MOR-02,Dark Miasma of the Mausoleum,4,,1,,,,,,,,,FALSE,TRUE,Loading...
WBW-DC-MPOP-01,Out on a Limb,2,,1,,,,,,,,,TRUE,FALSE,Loading...
WBW-DC-NBDD-01,Play The Game,4,,2,,,,,,,,,FALSE,TRUE,Loading...
WBW-DC-NBDD-02,15 Seconds to Curtain,2,,1,,,,,,,,,TRUE,FALSE,Loading...
WBW-DC-NJ-COU-01,Dear Aery,4,,1,,,,,,,,,FALSE,TRUE,#ERROR!
WBW-DC-NJ-COU-02,Aery's Resolve,4,,2,,,,,,,,,FALSE,TRUE,Loading...
WBW-DC-NJ-HOPE-01,Promises of Hope,4,,2,,,,,,,,,FALSE,TRUE,Loading...
WBW-DC-NTP-01,Cat's Paws,4,,1,,,,,,,,,FALSE,TRUE,Loading...
WBW-DC-NUKE-01,"Magically Delicious, Possibly Rotten",2,,1,,,,,,,,,TRUE,FALSE,Loading...
WBW-DC-PAW-01,Sick as a Dog,4,,2,,,,,,,,,FALSE,TRUE,Loading...
WBW-DC-PHP-01,Pot Luck!,4,,2,,,,,,,,,FALSE,TRUE,Loading...
WBW-DC-PHP-02,A Compendium of Curious Curiosities,4,,2,,,,,,,,,FALSE,TRUE,Loading...
WBW-DC-PHP-HOE-01,The Mill of Mar-Itez,2,,1,,,,,,,,,TRUE,FALSE,Loading...
WBW-DC-PHP-HOE-02,"Something Borrowed, Something Brewed",4,,2,,,,,,,,,FALSE,TRUE,Loading...
WBW-DC-PHP-LCL-02,A Mystical Whimsy,2,,2,,,,,,,,,TRUE,FALSE,Loading...
WBW-DC-PHP-LCL-01,A Cure for Freedom,2,,2,,,,,,,,,TRUE,FALSE,Loading...
WBW-DC-PHP-ORNG-01,What is Real?,4,,2,,,,,,,,,FALSE,TRUE,Loading...
WBW-DC-PHP-ORNG-02,Where do they Go?,4,,2,,,,,,,,,FALSE,TRUE,Loading...
WBW-DC-PHP-PHAN-01,If The Shoe Fits,4,,2,,,,,,,,,FALSE,TRUE,Loading...
WBW-DC-PHP-PHAN-02,Once Upon A Time,4,,2,,,,,,,,,FALSE,TRUE,Loading...
WBW-DC-PHP-POLAR-01,Snow Ice,2,,2,,,,,,,,,TRUE,FALSE,Loading...
WBW-DC-PHP-POLAR-02,You've Goat to be kidding me,4,,1,,,,,,,,,FALSE,TRUE,Loading...
WBW-DC-PHP-REV-01,Lost in Reverie,2,,1,,,,,,,,,TRUE,FALSE,#ERROR!
WBW-DC-PHP-SPAMMY-01,Flowers Have Feelings,4,,2,,,,,,,,,FALSE,TRUE,Loading...
WBW-DC-PHP-SPRING-01,A Moment of Serendipity,4,,2,,,,,,,,,FALSE,TRUE,Loading...
WBW-DC-PHP-TCOM1,Of Festivals and Fiascoes,4,,1,,,,,,,,,FALSE,TRUE,Loading...
WBW-DC-PHP-TCOM2,Of Toadstools and Tribulations,2,,1,,,,,,,,,TRUE,FALSE,Loading...
WBW-DC-PHP-TCOM3,Of Death and Dawn,4,,1,,,,,,,,,FALSE,TRUE,Loading...
WBW-DC-PHP-TYM-01,i dreamt that i was falling,4,,2,,,,,,,,,FALSE,TRUE,Loading...
WBW-DC-PHP-TYM-02,we woke up in the sky,4,,2,,,,,,,,,FALSE,TRUE,#ERROR!
WBW-DC-PLS-01,Blade of Creation,4,,2,,,,,,,,,FALSE,TRUE,Loading...
WBW-DC-RKS-01,No Glory In Sleep,4,,1,,,,,,,,,FALSE,TRUE,#ERROR!
WBW-DC-ROBIN-01-2,Warmth of Winter,4,,2,,,,,,,,,FALSE,TRUE,Loading...
WBW-DC-ROG-01,Imagination Lost,4,,2,,,,,,,,,FALSE,TRUE,Loading...
WBW-DC-ROG-02,A Giant Dilemma,4,,2,,,,,,,,,FALSE,TRUE,Loading...
WBW-DC-ROG-03,Hope In A Medusa’s Eye,4,,2,,,,,,,,,FALSE,TRUE,Loading...
WBW-DC-ROOK-1-1,The Care and Maintenance of the Rookery,4,,1,,,,,,,,,FALSE,TRUE,Loading...
WBW-DC-ROOK-1-2,The Rookery: Rise of the Everplume,4,,1,,,,,,,,,FALSE,TRUE,#ERROR!
WBW-DC-ROOK-1-3,The Rookery: City of the Dead,4,,1,,,,,,,,,FALSE,TRUE,#ERROR!
WBW-DC-ROOK-1-4,The Rookery: Long Live the Goblins,4,,1,,,,,,,,,FALSE,TRUE,#ERROR!
WBW-DC-ROOK-2-1,Rapid Resettlement in the Rookery,4,,2,,,,,,,,,FALSE,TRUE,#ERROR!
WBW-DC-ROOK-2-2,The Rookery: Into the Velarium,4,,2,,,,,,,,,FALSE,TRUE,Loading...
WBW-DC-ROOK-2-3,The Rookery: The Court of the Crown,4,,2,,,,,,,,,FALSE,TRUE,Loading...
WBW-DC-ROOK-3-1,The Rookery: High Kaldir,4,,2,,,,,,,,,FALSE,TRUE,#ERROR!
WBW-DC-ROOK-3-2,The Rookery: Frogs of War,4,,2,,,,,,,,,FALSE,TRUE,Loading...
WBW-DC-ROOK-3-3,The Rookery: The Crook in the Rook,4,,2,,,,,,,,,FALSE,TRUE,Loading...
WBW-DC-SO-01,The Labyrinth of Forgotten Memories,4,,1,,,,,,,,,FALSE,TRUE,#ERROR!
WBW-DC-SQT-01,Hollyphant Love Medley,4,,1,,,,,,,,,FALSE,TRUE,Loading...
WBW-DC-SSM-01,The Grimm Reality,4,,2,,,,,,,,,FALSE,TRUE,Loading...
WBW-DC-SUNLIT-04,Blank Stare,4,,2,,,,,,,,,FALSE,TRUE,Loading...
WBW-DC-SUNLIT-05,Travelogue,4,,2,,,,,,,,,FALSE,TRUE,Loading...
WBW-DC-SUNLIT-06,Township,4,,2,,,,,,,,,FALSE,TRUE,Loading...
WBW-DC-TAZ01,I Know What Ewe Did Midsummer,4,,2,,,,,,,,,FALSE,TRUE,Loading...
WBW-DC-TBLCMB-03,The Black Lily Contract,2,,1,,,,,,,,,TRUE,FALSE,Loading...
WBW-DC-TCW-AVG-1,Missing Yeux,4,,2,,,,,,,,,FALSE,TRUE,Loading...
WBW-DC-TCW-AVG-2,Unbreak the H'earth,4,,2,,,,,,,,,FALSE,TRUE,Loading...
WBW-DC-TEN-01,Two to Tengu,4,,1,,,,,,,,,FALSE,TRUE,Loading...
WBW-DC-TEN-02,Festival of Fyre,4,,2,,,,,,,,,FALSE,TRUE,#ERROR!
WBW-DC-TEN-03,The Tale of Korama,4,,2,,,,,,,,,FALSE,TRUE,Loading...
WBW-DC-THAL-01,Heartfire Lost,4,,1,,,,,,,,,FALSE,TRUE,Loading...
WBW-DC-THAL-02,Awakened Song,4,,1,,,,,,,,,FALSE,TRUE,Loading...
WBW-DC-TIC-01,Mushrooms and Malfunctions: A Journey into the Caverns,4,,1,,,,,,,,,FALSE,TRUE,Loading...
WBW-DC-TID-01,Witchlight Insecurity,4,,1,,,,,,,,,FALSE,TRUE,Loading...
WBW-DC-TLRMB-02,The Last Resort,2,,1,,,,,,,,,TRUE,FALSE,Loading...
WBW-DC-TMP-01,Buck Wild!,2,,1,,,,,,,,,TRUE,FALSE,Loading...
WBW-DC-TMP-02,Bucking the Trend,2,,2,,,,,,,,,TRUE,FALSE,Loading...
WBW-DC-TMP-03,The Buck Stops,2,,2,,,,,,,,,TRUE,FALSE,Loading...
WBW-DC-TREY-01,Mistress Taken!,4,,2,,,,,,,,,FALSE,TRUE,Loading...
WBW-DC-TRI-01,Strike a Pose,2,,1,,,,,,,,,TRUE,FALSE,Loading...
WBW-DC-TRI-02,Nothing Ventured,2,,1,,,,,,,,,TRUE,FALSE,Loading...
WBW-DC-TST-01,Color in Light,2,,2,,,,,,,,,TRUE,FALSE,Loading...
WBW-DC-UCON-01,The Party that Split,4,,1,,,,,,,,,FALSE,TRUE,Loading...
WBW-DC-UCON-02,Have You No Heart?,4,,2,,,,,,,,,FALSE,TRUE,Loading...
WBW-DC-VACONS-01,Welcome to Fablerise,2,,1,,,,,,,,,TRUE,FALSE,Loading...
WBW-DC-VMT-01,Tale As Old As Time,4,,1,,,,,,,,,FALSE,TRUE,#ERROR!
WBW-DC-VMT-02,Court of the Owl King,4,,2,,,,,,,,,FALSE,TRUE,Loading...
WBW-DC-WRT-00,Writer's Block,2,,2,,,,,,,,,TRUE,FALSE,Loading...
WBW-DC-ZEP-T1S1,Dragon-bard's Christmas Carol,2,,1,,,,,,,,,TRUE,FALSE,Loading...
WBW-DC-ZEP-T1S2,The Court of Zep,2,,1,,,,,,,,,TRUE,FALSE,Loading...
WBW-DC-ZEP-T1S3,Zep Sightseeing,2,,1,,,,,,,,,TRUE,FALSE,Loading...
WBW-DC-ZEP-T1S4,Mall of Zep,2,,1,,,,,,,,,TRUE,FALSE,Loading...
WBW-DC-ZEP-T2S1,Peekaboo,2,,2,,,,,,,,,TRUE,FALSE,Loading...
WBW-DC-ZEP-T2S2,Chimera Concoction,2,,2,,,,,,,,,TRUE,FALSE,Loading...
WBW-DC-ZEP-T2S3,Up Up and Away,2,,2,,,,,,,,,TRUE,FALSE,Loading...
WBW-DC-ZEP-T2S4,Hows the Weather Up There,2,,2,,,,,,,,,TRUE,FALSE,Loading...
WBW-DC-ZEP-T2S5,Off to the Races,2,,2,,,,,,,,,TRUE,FALSE,Loading...
WBW-DC-ZEP-T2S6,Formations of Fomorian,2,,2,,,,,,,,,TRUE,FALSE,Loading...
WBW-DC-ZEP-T2S7,Mazes and Magma,2,,2,,,,,,,,,TRUE,FALSE,Loading...
WBW-DC-ZEP-T2S8,Fate of Zep,2,,2,,,,,,,,,TRUE,FALSE,Loading...
WBW-DC-ZION-01,Anna's Embrace,4,,2,,,,,,,,,FALSE,TRUE,Loading...
WBW-DC-ZION-02,Alexander's Hand,4,,2,,,,,,,,,FALSE,TRUE,Loading...
WBW-DC-ZION-03,Noctis' Sacrifice,4,,2,,,,,,,,,FALSE,TRUE,Loading...
WBW-DC-ZODIAC-00,Luna Park,2,,1,,,,,,,,,TRUE,FALSE,#ERROR!
WBW-DC-ZODIAC-01,The Pied Piper and the Rat King,4,,1,,,,,,,,,FALSE,TRUE,Loading...
WBW-DC-ZODIAC-02,"Udder Chaos, The Holy Cowspiracy",4,,1,,,,,,,,,FALSE,TRUE,Loading...
WBW-DC-ZODIAC-03,Revenge of the Rakshasa,4,,2,,,,,,,,,FALSE,TRUE,Loading...
WBW-DC-ZODIAC-04,The Jade Hare,4,,1,,,,,,,,,FALSE,TRUE,Loading...
WBW-DC-ZODIAC-05,Fey With The Dragon Tattoo,4,,2,,,,,,,,,FALSE,TRUE,Loading...
WBW-DC-ZODIAC-06,Nightmare of the Naga,4,,2,,,,,,,,,FALSE,TRUE,Loading...
WBW-DC-ZODIAC-07,A Fey At The Races,4,,2,,,,,,,,,FALSE,TRUE,Loading...
WBW-DC-ZODIAC-08,The Golden Goats,4,,2,,,,,,,,,FALSE,TRUE,Loading...
WBW-DC-ZODIAC-09,Monkey Magic,4,,2,,,,,,,,,FALSE,TRUE,Loading...
WBW-DC-ZODIAC-10,Fey of a Feather,4,,2,,,,,,,,,FALSE,TRUE,Loading...
WBW-DC-ZODIAC-11,The Curious Incident of the Blink Dog in the Feywilds,4,,2,,,,,,,,,FALSE,TRUE,Loading...
WBW-DC-ZODIAC-12,Seven Hamurai,4,,2,,,,,,,,,FALSE,TRUE,#ERROR!
WBW-DC-ZODIAC-13,Familiar's Feast,4,,2,,,,,,,,,FALSE,TRUE,Loading...
,,,,,,,,,,,,,,,Loading...
,,,,,,,,,,,,,,,Loading...
,,,,,,,,,,,,,,,Loading...
,,,,,,,,,,,,,,,Loading...
,,,,,,,,,,,,,,,Loading...
,,,,,,,,,,,,,,,Loading...
,,,,,,,,,,,,,,,Loading...
,,,,,,,,,,,,,,,#ERROR!
,,,,,,,,,,,,,,,Loading...
,,,,,,,,,,,,,,,Loading...
,,,,,,,,,,,,,,,Loading...
,,,,,,,,,,,,,,,Loading...
,,,,,,,,,,,,,,,#ERROR!
,,,,,,,,,,,,,,,Loading...
,,,,,,,,,,,,,,,Loading...
,,,,,,,,,,,,,,,Loading...
,,,,,,,,,,,,,,,Loading...
,,,,,,,,,,,,,,,Loading...
,,,,,,,,,,,,,,,Loading...
,,,,,,,,,,,,,,,Loading...
,,,,,,,,,,,,,,,Loading...
,,,,,,,,,,,,,,,Loading...
,,,,,,,,,,,,,,,#ERROR!
,,,,,,,,,,,,,,,Loading...
,,,,,,,,,,,,,,,#ERROR!
,,,,,,,,,,,,,,,Loading...
,,,,,,,,,,,,,,,Loading...
,,,,,,,,,,,,,,,Loading...
,,,,,,,,,,,,,,,#ERROR!
,,,,,,,,,,,,,,,Loading...
,,,,,,,,,,,,,,,Loading...
,,,,,,,,,,,,,,,#ERROR!
,,,,,,,,,,,,,,,Loading...
,,,,,,,,,,,,,,,Loading...
,,,,,,,,,,,,,,,Loading...
,,,,,,,,,,,,,,,Loading...
,,,,,,,,,,,,,,,Loading...
,,,,,,,,,,,,,,,Loading...
,,,,,,,,,,,,,,,#ERROR!
,,,,,,,,,,,,,,,Loading...
,,,,,,,,,,,,,,,Loading...
,,,,,,,,,,,,,,,Loading...
,,,,,,,,,,,,,,,Loading...
,,,,,,,,,,,,,,,Loading...
,,,,,,,,,,,,,,,Loading...
,,,,,,,,,,,,,,,Loading...
,,,,,,,,,,,,,,,Loading...
,,,,,,,,,,,,,,,Loading...
,,,,,,,,,,,,,,,Loading...
,,,,,,,,,,,,,,,Loading...
,,,,,,,,,,,,,,,Loading...
,,,,,,,,,,,,,,,Loading...
,,,,,,,,,,,,,,,Loading...
,,,,,,,,,,,,,,,Loading...
,,,,,,,,,,,,,,,Loading...
,,,,,,,,,,,,,,,Loading...
,,,,,,,,,,,,,,,Loading...
,,,,,,,,,,,,,,,Loading...
,,,,,,,,,,,,,,,Loading...
,,,,,,,,,,,,,,,Loading...
,,,,,,,,,,,,,,,#ERROR!
,,,,,,,,,,,,,,,Loading...
,,,,,,,,,,,,,,,Loading...
,,,,,,,,,,,,,,,Loading...
,,,,,,,,,,,,,,,Loading...
,,,,,,,,,,,,,,,Loading...
,,,,,,,,,,,,,,,Loading...
,,,,,,,,,,,,,,,Loading...
,,,,,,,,,,,,,,,Loading...
,,,,,,,,,,,,,,,Loading...
,,,,,,,,,,,,,,,Loading...
,,,,,,,,,,,,,,,Loading...
,,,,,,,,,,,,,,,#ERROR!
,,,,,,,,,,,,,,,Loading...
,,,,,,,,,,,,,,,Loading...
,,,,,,,,,,,,,,,Loading...
,,,,,,,,,,,,,,,Loading...
,,,,,,,,,,,,,,,Loading...
,,,,,,,,,,,,,,,Loading...
,,,,,,,,,,,,,,,Loading...
,,,,,,,,,,,,,,,Loading...
,,,,,,,,,,,,,,,Loading...
,,,,,,,,,,,,,,,Loading...
,,,,,,,,,,,,,,,Loading...
,,,,,,,,,,,,,,,#ERROR!
,,,,,,,,,,,,,,,Loading...
,,,,,,,,,,,,,,,Loading...
,,,,,,,,,,,,,,,Loading...
,,,,,,,,,,,,,,,Loading...
,,,,,,,,,,,,,,,Loading...
,,,,,,,,,,,,,,,Loading...
,,,,,,,,,,,,,,,Loading...
,,,,,,,,,,,,,,,Loading...
,,,,,,,,,,,,,,,Loading...
,,,,,,,,,,,,,,,Loading...
,,,,,,,,,,,,,,,Loading...
,,,,,,,,,,,,,,,Loading...
,,,,,,,,,,,,,,,Loading...
,,,,,,,,,,,,,,,Loading...
,,,,,,,,,,,,,,,Loading...
,,,,,,,,,,,,,,,Loading...
,,,,,,,,,,,,,,,#ERROR!
,,,,,,,,,,,,,,,Loading...
,,,,,,,,,,,,,,,Loading...
,,,,,,,,,,,,,,,Loading...
,,,,,,,,,,,,,,,Loading...
,,,,,,,,,,,,,,,Loading...
,,,,,,,,,,,,,,,Loading...
,,,,,,,,,,,,,,,Loading...
,,,,,,,,,,,,,,,Loading...
,,,,,,,,,,,,,,,Loading...
,,,,,,,,,,,,,,,Loading...
,,,,,,,,,,,,,,,Loading...
,,,,,,,,,,,,,,,Loading...
,,,,,,,,,,,,,,,Loading...
,,,,,,,,,,,,,,,Loading...
,,,,,,,,,,,,,,,Loading...
,,,,,,,,,,,,,,,Loading...
,,,,,,,,,,,,,,,Loading...
,,,,,,,,,,,,,,,Loading...
,,,,,,,,,,,,,,,Loading...
,,,,,,,,,,,,,,,Loading...
,,,,,,,,,,,,,,,Loading...
,,,,,,,,,,,,,,,#ERROR!
,,,,,,,,,,,,,,,#ERROR!
,,,,,,,,,,,,,,,Loading...
,,,,,,,,,,,,,,,Loading...
,,,,,,,,,,,,,,,Loading...
,,,,,,,,,,,,,,,Loading...
,,,,,,,,,,,,,,,Loading...
,,,,,,,,,,,,,,,Loading...
,,,,,,,,,,,,,,,Loading...
,,,,,,,,,,,,,,,Loading...
,,,,,,,,,,,,,,,Loading...
,,,,,,,,,,,,,,,Loading...
,,,,,,,,,,,,,,,Loading...
,,,,,,,,,,,,,,,Loading...
,,,,,,,,,,,,,,,Loading...
,,,,,,,,,,,,,,,Loading...
,,,,,,,,,,,,,,,Loading...
,,,,,,,,,,,,,,,Loading...
,,,,,,,,,,,,,,,#ERROR!
,,,,,,,,,,,,,,,Loading...
,,,,,,,,,,,,,,,Loading...
,,,,,,,,,,,,,,,Loading...
,,,,,,,,,,,,,,,Loading...
,,,,,,,,,,,,,,,Loading...
,,,,,,,,,,,,,,,Loading...
,,,,,,,,,,,,,,,Loading...
,,,,,,,,,,,,,,,Loading...
,,,,,,,,,,,,,,,Loading...
,,,,,,,,,,,,,,,Loading...
,,,,,,,,,,,,,,,Loading...
,,,,,,,,,,,,,,,Loading...
,,,,,,,,,,,,,,,Loading...
,,,,,,,,,,,,,,,Loading...
,,,,,,,,,,,,,,,Loading...
,,,,,,,,,,,,,,,Loading...
,,,,,,,,,,,,,,,Loading...
,,,,,,,,,,,,,,,Loading...
,,,,,,,,,,,,,,,Loading...
,,,,,,,,,,,,,,,Loading...
,,,,,,,,,,,,,,,Loading...
,,,,,,,,,,,,,,,Loading...
,,,,,,,,,,,,,,,#ERROR!
,,,,,,,,,,,,,,,Loading...
,,,,,,,,,,,,,,,Loading...
,,,,,,,,,,,,,,,Loading...
,,,,,,,,,,,,,,,Loading...
,,,,,,,,,,,,,,,Loading...
,,,,,,,,,,,,,,,Loading...
,,,,,,,,,,,,,,,#ERROR!
,,,,,,,,,,,,,,,Loading...
,,,,,,,,,,,,,,,Loading...
,,,,,,,,,,,,,,,Loading...
,,,,,,,,,,,,,,,Loading...
,,,,,,,,,,,,,,,Loading...
,,,,,,,,,,,,,,,Loading...
,,,,,,,,,,,,,,,Loading...
,,,,,,,,,,,,,,,Loading...
,,,,,,,,,,,,,,,Loading...
,,,,,,,,,,,,,,,Loading...
,,,,,,,,,,,,,,,Loading...
,,,,,,,,,,,,,,,Loading...
,,,,,,,,,,,,,,,Loading...
,,,,,,,,,,,,,,,Loading...
,,,,,,,,,,,,,,,Loading...
,,,,,,,,,,,,,,,Loading...
,,,,,,,,,,,,,,,Loading...
,,,,,,,,,,,,,,,#ERROR!
,,,,,,,,,,,,,,,Loading...
,,,,,,,,,,,,,,,#ERROR!
,,,,,,,,,,,,,,,Loading...
,,,,,,,,,,,,,,,Loading...
,,,,,,,,,,,,,,,Loading...
,,,,,,,,,,,,,,,Loading...
,,,,,,,,,,,,,,,Loading...
,,,,,,,,,,,,,,,Loading...
,,,,,,,,,,,,,,,Loading...
,,,,,,,,,,,,,,,Loading...
,,,,,,,,,,,,,,,Loading...
,,,,,,,,,,,,,,,Loading...
,,,,,,,,,,,,,,,Loading...
,,,,,,,,,,,,,,,Loading...
,,,,,,,,,,,,,,,#ERROR!
,,,,,,,,,,,,,,,Loading...
,,,,,,,,,,,,,,,Loading...
,,,,,,,,,,,,,,,#ERROR!
,,,,,,,,,,,,,,,Loading...
,,,,,,,,,,,,,,,Loading...
,,,,,,,,,,,,,,,Loading...
,,,,,,,,,,,,,,,Loading...
,,,,,,,,,,,,,,,Loading...
,,,,,,,,,,,,,,,Loading...
,,,,,,,,,,,,,,,Loading...
,,,,,,,,,,,,,,,Loading...
,,,,,,,,,,,,,,,Loading...
,,,,,,,,,,,,,,,Loading...
,,,,,,,,,,,,,,,Loading...
,,,,,,,,,,,,,,,Loading...
,,,,,,,,,,,,,,,Loading...
,,,,,,,,,,,,,,,Loading...
,,,,,,,,,,,,,,,Loading...
,,,,,,,,,,,,,,,Loading...
,,,,,,,,,,,,,,,Loading...
,,,,,,,,,,,,,,,Loading...
,,,,,,,,,,,,,,,Loading...
,,,,,,,,,,,,,,,Loading...
,,,,,,,,,,,,,,,Loading...
,,,,,,,,,,,,,,,#ERROR!
,,,,,,,,,,,,,,,Loading...
,,,,,,,,,,,,,,,Loading...
,,,,,,,,,,,,,,,Loading...
,,,,,,,,,,,,,,,Loading...
,,,,,,,,,,,,,,,Loading...
,,,,,,,,,,,,,,,Loading...
,,,,,,,,,,,,,,,#ERROR!
,,,,,,,,,,,,,,,Loading...
,,,,,,,,,,,,,,,Loading...
,,,,,,,,,,,,,,,Loading...
,,,,,,,,,,,,,,,Loading...
,,,,,,,,,,,,,,,Loading...
,,,,,,,,,,,,,,,Loading...
,,,,,,,,,,,,,,,Loading...
,,,,,,,,,,,,,,,Loading...
,,,,,,,,,,,,,,,Loading...
,,,,,,,,,,,,,,,#ERROR!